1	ウェイト	赋予自己「等待」1 层。额外行动一次。
2	コンティニュー用デバフバフ削除无敌化	消除我方所有增益效果、减益效果，获得无敌 1 层。
3	イベント用_攻撃力50%アップ	赋予攻击力增加 50% 0 层。
4	イベント用_攻撃力20%アップ	赋予攻击力增加 20% 0 层。
5	イベント用_攻撃力10%アップ	攻击力增加 10%（事件加成）
6	イベント用_HP+50%	基础生命值增加 50%（事件加成）
7	イベント用_HP+30%	基础生命值增加 30%（事件加成）
8	イベント用_アイテム効果エフェクト	物品效果发动时影响刷新。
9	イベント用_アイテム効果HPアップ	物品效果：生命提升。
10	イベント用_アイテム効果ATKアップ	物品效果：攻击力提升。
11	イベント用_アイテム効果被ダメージ减	物品效果：承受伤害减少。
12	イベント用_ATKボーナス	加成：攻击力上升。
13	イベント用_攻撃力20%アップ	攻击力增加 20%（事件加成）
14	サマーダイブ用_获得View半减	夏日浮潜者任务用的 View 值减半技能。
16		我方全体攻击力根据 ViewPower 上升。
17	イベント用_攻撃力40%アップ	攻击力增加 40%（事件加成）
18	イベント用_攻撃力60%アップ	攻击力增加 60%（事件加成）
19	状态変化重复不可	增益、减益效果不能重复。
20	クリティカル・回避	回避爆击。
22	ライラックパッシブスキル効果	依照 View 值增加我方全体攻击力。
24	祭りの热気	行动开始时のViewが20000以上の时に、自身に昂扬状态を付与。
25	祭りへの期待	ターン開始時のViewが20000以上の時に、自身に興奮状態を付与。
1001101	燃ゆる白球	对一个敌人造成攻击 70% 伤害。40% 机率赋予烧伤 2 层。
1001102	球児の闘志	赋予自己攻击力上升 1 层。
1001103	百烈打砲	对敌方全体造成攻击 120% 伤害。
1001104	球児の闘志+	赋予自己攻击力上升 2 层。
1001201	バブル・ボール	对一个敌人造成攻击 70% 伤害。80% 机率解除自己 1 个减益效果。受到伤害时，有 25% 机率以此技能反击。
1001202	入魂の一投	对一个敌人造成攻击 120% 伤害。赋予自己幸运 1 层。
1001203	百烈投砲	对敌方全体造成攻击 90% 伤害，且血量越低伤害越高。
1001204	百烈投砲+	对敌方全体造成攻击 100% 伤害，且血量越低伤害越高。
1002101	ハーキュリアン・パンチ	对一个敌人造成攻击 80% 伤害。
1002102	ベスト・ディレクション	获得 15000 View。
1002103	メガトン・クラッシャー	对一个敌人造成攻击 150% 伤害。70% 机率赋予防御力下降 2 层。
1002104	ベスト・ディレクション+	获得 15000 View。
1002201	フェスティヴ・ギフト	对一个敌人造成攻击 60% 伤害。恢复队伍当前血量最低的英雄攻击力 30% 血量。
1002202	ベスト・ウィッシュ	赋予自己或一个友军攻击力上升 2 层。获得 5000 View。
1002203	メガトン・スライダー	恢复我方全体攻击力 100% 的血量。技能发动后，若 View 值仍在 10000 以上，则消除所有友军一个减益效果。
1002204	ベスト・ウィッシュ+	赋予自己或一个友军攻击力上升 2 层、View 值消耗量减少 1000。获得 5000 View。
1003101	スーツ・フロッギング	对一个敌人造成攻击 60% 伤害。50% 机率赋予防御力下降 1 层。
1003102	ボディ・ソーイング	对一个敌人造成攻击 90% 伤害。50% 机率赋予速度下降 1 层。
1003103	エギュイーユ・ド・サルー	对一个敌人造成攻击 150% 伤害。赋予防御力下降 2 层。消除所有增益效果。
1003104	ボディ・ソーイング+	对一个敌人造成攻击 90% 伤害。赋予速度下降 1 层。
1004101	キロボルト・スラッグ	对一个敌人造成攻击 80% 伤害。
1004102	メガボルト・クラッシュ	赋予我方全体速度上升 1 层。赋予自己攻击力上升 1 层。
1004103	ギガボルト・ブレイカー	对敌方全体造成攻击 90% 伤害，且随自己与对方的速度差增加伤害。
1004104	ギガボルト・ブレイカー+	对敌方全体造成攻击 90% 伤害，且随自己与对方的速度差增加伤害。
1004201	エレクトロ・スラッシュ	对一个敌人造成攻击 70% 伤害。50% 机率赋予速度下降 1 层。
1004202	ディスチャージ・バンケット	对自己或一个友军攻击力上升 1 层、速度上升 1 层。
1004203	ギガボルト・ブレイカー	对敌方全体造成攻击 90% 伤害。解除我方全体一个减益效果。
1004204	ギガボルト・ブレイカー+	对敌方全体造成攻击 90% 伤害。解除我方全体一个减益效果。
1005101	マシン・クラック	对一个敌人造成攻击 70% 伤害。50% 机率对自己赋予防御力提升 1 层。
1005102	アームズ・リペアメント	恢复自己或一个友军基础攻击 50% 的血量。赋予防御力增加 2 层。
1005103	アナライズ＆スクラップ	对自己或一个友军赋予防御力增加、速度增加 2 层。
1005104	アナライズ＆スクラップ+	对自己或一个友军赋予防御力增加、速度增加 2 层。赋予攻击力增加 1 层。
1006101	公务执行	对一个敌人造成 60% 伤害。60% 机率赋予防御力下降 1 层。
1006102	事情聴取	赋予一个敌人速度下降 2 层。
1006103	トゥワード・ザ・スター	对敌方全体造成攻击 70% 伤害。赋予速度下降 1 层。
1006104	事情聴取+	赋予一个敌人速度下降 2 层。消除一个增益效果。
1007101	狙い撃ちッス！	对一个敌人造成攻击 60% 伤害。combo 数 +1。
1007102	撃ちまくりッス！	对一个敌人造成攻击 120% 伤害。50% 赋予速度下降 1 层。
1007103	BANG&BANG&BANG!!	对敌方全体造成攻击 70% 伤害，且随 combo 数增幅伤害。
1007104	撃ちまくりッス！+	对一个敌人造成攻击 120% 伤害。赋予速度下降 1 层。
1007201	冷やしてやるッス！	对一个敌人造成攻击 60% 伤害。恢复自身基础攻击力 30% 血量。
1007202	ずぶ濡れにするッス！	对一个敌人造成攻击 90% 伤害。若 combo 数在 5 以上时，追加施放第一招技能。
1007203	BANG&BANG&BANG!!	对敌方全体造成攻击 100% 伤害，且随这个技能使用的次数增幅伤害（至多三次）。
1007204	ずぶ濡れにするッス！+	对一个敌人造成攻击 90% 伤害。若 combo 数在 5 以上时，追加施放第一招技能。combo 数 +2。
1008101	スパラーレ・アクア	对一个敌人造成攻击 60% 伤害。40% 机率赋予攻击力下降 1 层。
1008102	リキエスタ・スポルト	赋予自己伤害集中 2 层。
1008103	マングェラ・デ・アクアリオ	对敌方全体造成攻击 90% 伤害。赋予自己无敌 1 层。
1008104	スパラーレ・アクア+	对一个敌人造成攻击 60% 伤害。赋予攻击力下降 1 层。
1008201	エシェクタンテ・ドゥロ	对一个敌人造成攻击 70% 伤害。恢复自身基础攻击力 30% 血量。
1008202	アクトゥアシオ・ナシル	赋予自己嘲讽 3 层。受到伤害时，会依自己与敌方的速度差减轻伤害 30％。若自身有嘲讽状态，则伤害减轻的发动机率为两倍。
1008203	アクロバタ・デ・アクアリオ	赋予自己或一个友军攻击力上升与幸运 2 层。赋予自己速度上升 2 层。若此技能施放对象为木属性，则增益效果改为 3 层。
1008204	アクトゥアシオ・ナシル+	赋予自己嘲讽 3 层。受到伤害时，会依自己与敌方的速度差减轻伤害 30％。若自身有嘲讽状态，则伤害减轻的发动机率为两倍。
1009101	ハイパー・レスキュー	对一个敌人造成攻击 90% 伤害。赋予自己烧伤 2 层。
1009102	デスペラード・マインド	赋予自己两个攻击力上升 2 层、一个防御力下降 2 层。
1009103	ライトスピード・フェニックス	对一个敌人造成攻击 150% 伤害，且自己血量越少伤害越高。
1009104	ライトスピード・フェニックス+	对一个敌人造成攻击 170% 伤害，且自己血量越少伤害越高。
1009201	エディ・ウォール	对一个敌人造成攻击 60% 伤害。60% 机率赋予速度下降 1 层。
1009202	テクニカル・ライディング	获得 9000 View。【被动】本英雄存活的时候，我方全体攻击力随 ViewPower 上升，此效果无法叠加。
1009203	ライトスピード・フェニックス	对一个敌人造成攻击 120% 伤害。赋予沉默 1 层。
1009204	エディ・ウォール+	对一个敌人造成攻击 60% 伤害。赋予速度下降 1 层。
1010101	教师の鉄拳	对一个敌人造成攻击 80% 伤害。
1010102	担任のリーダーシップ	combo 数 +3。
1010103	初教戦法180°	对一个敌人造成攻击 180% 伤害。
1010104	初教戦法180°+	对一个敌人造成攻击 200% 伤害。
1010201	奇袭指令	对一个敌人造成攻击 70% 伤害。若自己被赋予隐蔽，伤害增加。
1010202	谍报活动	赋予一个敌人速度下降 1 层。赋予自己隐蔽 1 层。
1010203	初教戦法180	对一个敌人造成攻击 180% 伤害。若自己被赋予隐蔽，则解除隐蔽，随后多行动一次。
1010204	谍报活动+	赋予一个敌人速度下降 1 层。赋予自己隐蔽 2 层。
1011101	ラブリー・フレイム	对一个敌人造成攻击 60% 伤害。60% 机率赋予烧伤 2 层。
1011102	クレイジー・フォー・ボム	赋予一个敌人防御力下降 1 层。50% 机率赋予攻击力下降 1 层。
1011103	ハッピー♡フラワータイム	对敌方全体造成攻击 60% 伤害。获得 12000 View。
1011104	ハッピー♡フラワータイム+	对敌方全体造成攻击 60% 伤害。获得 15000 View。
1011201	チャーミング・ステップ	对敌方全体造成攻击 50% 伤害。70% 机率赋予随机减益效果 1 层（由攻击力下降、防御力下降、速度下降、中毒抽选）。
1011202	ブルーミー・ダンス	对敌方全体造成攻击 85% 伤害。50% 机率赋予烧伤 1 层。若 Combo 数 5 以上，则此技能额外发动一次，发动时，既不消耗 View 值，但也不会获得。
1011203	ハッピー♡フラワータイム	消除一个敌人身上全部增益效果。赋予防御力下降 2 层。
1011204	ハッピー♡フラワータイム+	消除一个敌人身上全部增益效果。赋予防御力下降 3 层。
1012101	「打」の墨迹	对一个敌人造成攻击 60% 伤害。50% 机率赋予攻击力下降 1 层。
1012102	「耐」の墨迹	赋予自己或一个友军嘲讽、防御力上升 2 层。
1012103	九十九墨迹	对一个敌人造成攻击 120% 伤害。赋予我方所有人攻击力上升 1 层。
1012104	「耐」の墨迹+	赋予自己或一个友军嘲讽、防御力上升 2 层。
1012201	「隠」の书成术	对一个敌人造成攻击 60% 伤害。60% 机率赋予自己隐蔽 2 层。
1012202	「秘」の书成术	对一个敌人造成攻击 80% 伤害，且随该名敌人身上的减益效果数量增加伤害。
1012203	九十九墨迹	对敌方全体造成攻击 60% 伤害，且若是生命越高，伤害量增加。
1012204	九十九墨迹+	对敌方全体造成攻击 60% 伤害，且若是生命越高，伤害量增加。
1013101	居合の一斩	对一个敌人造成攻击 70% 伤害。40% 机率赋予防御力下降 1 层。
1013102	大彗星斩り	对一个敌人造成攻击 120% 伤害。
1013103	狮子武者剣舞	对一个敌人造成攻击 150% 伤害，且随 combo 数增加伤害。
1013104	居合の一斩+	对一个敌人造成攻击 70% 伤害。赋予防御力下降 1 层。
1014101	ハンティング・スピリット	对一个敌人造成攻击 70% 伤害。恢复自己基础攻击 50% 的血量。
1014102	サバイバー・ソウル	消除自己身上 2 个减益效果。赋予嘲讽 2 层。
1014103	ルインズ・サルベージ	对一个敌人造成攻击 120% 伤害。赋予我方全体防御力上升 1 层。
1014104	サバイバー・ソウル+	消除自己身上全部减益效果。赋予嘲讽 2 层。
1014201	ヒストリーハンティング	对一个敌人造成攻击 60% 伤害。获得 3000 View。
1014202	エクスプローラーズラック	赋予自己或一个友军幸运 1 层。获得 12000 View。
1014203	ルインズ・サルベージ	对敌方全体造成攻击 85% 伤害。50% 机率赋予防御力下降 1 层。
1014204	ルインズ・サルベージ+	对敌方全体造成攻击 85% 伤害。50% 机率赋予防御力下降 1 层。
1015101	绮罗星バックブリーカー	对一个敌人造成攻击 60% 伤害。获得 3000 View。
1015102	マイクパフォーマンス	对敌方全体造成攻击 70% 伤害。赋予自身注目 1 层。
1015103	ポラリス・バスター！！	对一个敌人造成攻击 150% 伤害，且随当前 View 值增加伤害。
1015104	ポラリス・バスター！！+	对一个敌人造成攻击 170% 伤害，且随当前 View 值增加伤害。
1017101	ヴィエ・キーマタ	从所有敌方角色中随机对单体造成攻击 45% 伤害 2 次。
1017102	イドロマサズ・シロダス	对一个敌人造成攻击 100% 伤害。60% 赋予速度下降 1 层。
1017103	オケアノス・トゥ・ドラコス	从所有敌方角色中随机对单体造成攻击 50% 伤害 4 次，且随自己与对手的速度差增加伤害。
1017104	オケアノス・トゥ・ドラコス+	从所有敌方角色中随机对单体造成攻击 50% 伤害 4 次，且随自己与对手的速度差增加伤害。
1018101	アピール・チャンス	对一个敌人造成攻击 60% 伤害。40% 赋予攻击力下降 1 层。
1018102	スペシャル・サービス	获得 5000 View。赋予自己无敌 1 层。
1018103	プライムタイムズ・エンペラー	获得 30000 View。
1018104	スペシャル・サービス+	获得 7000 View。赋予自己无敌 1 层。
1019101	强烈♡攻め恋GIRL	对一个敌人造成攻击 80% 伤害。
1019102	I・爱・EYESIGHT	赋予自己或一个友军攻击力上升 2 层。
1019103	LOVE ME☆ヒット・ミー！	对敌方全体造成攻击 80% 伤害。赋予我方全体幸运 2 层。
1019104	I・爱・EYESIGHT+	赋予自己或一个友军攻击力上升 2 层。
1019201	戦う！常夏MARMAID	对一个敌人造成攻击 60% 伤害。随机消除我方角色 1 个减益效果。赋予自己 1 层狂热。
1019202	BUZZる・バブルアワー	赋予自己或一个友军防御上升 1 层。赋予抵抗弱化 2 层。赋予自己 1 层狂热。
1019203	LOVE ME☆ヒット・ミー！	恢复自己或一个友军攻击力 150% 的血量。消除 2 个减益效果。自己有 3 层狂热以上时，消耗 3 层狂热，并使对象的增益效果延长 1 次；只有 2 有两层狂热时，增加 1 层狂热。
1019204	LOVE ME☆ヒット・ミー！+	恢复自己或一个友军攻击力 150% 的血量。消除 2 个减益效果。自己有 3 层狂热以上时，消耗 3 层狂热，并使对象的增益效果延长 1 次；只有 2 有两层狂热以下时，增加 1 层狂热。战斗开始时，赋予自己 3 层狂热。
1020101	フォーカス・リムーバー	对一个敌人造成攻击 60% 伤害。50% 机率赋予防御力下降 1 层。
1020102	デベロップメント・アレスト	对一个敌人造成攻击 70% 伤害。赋予超级速度降低 1 层。
1020103	グレイテスト・オペレーション	赋予自己或一个友军觉醒 2 层。
1020104	グレイテスト・オペレーション+	赋予自己或一个友军觉醒 2 层。消除 2 个减益效果。
1021101	痛かったらゴメンナサイ	对一个敌人造成攻击 60% 伤害。消除自己身上 1 个减益效果。
1021102	今手当てしますからね	恢复自己或一个友军基础攻击 70% 的血量。赋予防御力上升 1 层。
1021103	ブリング・ユア・スマイル	恢复自己或一个友军基础攻击 220% 的血量。
1021104	今手当てしますからね+	恢复自己或一个友军基础攻击 80% 的血量。赋予防御力上升 1 层。
1022101	一本钓り渔法	对一个敌人造成攻击 80% 伤害。
1022102	ホーミング投网	对敌方全体造成攻击 80% 伤害。
1022103	イサリビ式爆钓渔法	对一个敌人造成攻击 180% 伤害，且随该对手身上增益数量增加伤害。
1022104	イサリビ式爆钓渔法+	对一个敌人造成攻击 180% 伤害，且随该对手身上增益数量增加伤害。
1023101	ドランク・カーペンター	对一个敌人造成攻击 50% 伤害。60% 机率赋予自己嘲讽 2 层。
1023102	スキャフォールディング	赋予自己或一个友军速度上升 1 层。赋予防御力上升 2 层。
1023103	ハイエンド・コンストラクト	对敌方全体造成攻击 70% 伤害。40% 机率赋予攻击力下降 1 层。
1023104	ドランク・カーペンター+	对一个敌人造成攻击 50% 伤害。赋予自己嘲讽 2 层。
1023201	トイズ・マーチング	对一个敌人造成攻击 60% 伤害。恢复队伍中攻击力最高的英雄基础攻击力 30% 的血量。
1023202	バウンス・ポルカ	赋予我方一名角色 2 层 View 值消耗量 -1000。赋予嘲讽 1 层。【被动】若自己存活的情况下，赋予具有增益效果英雄攻击力上升 10% (至多 50%），此效果无法叠加。
1023203	ハイエンド・コンストラクト	赋予自己或一个友军攻击力上升 3 层。被施放的友军以第一招攻击随机一名敌人。
1023204	ハイエンド・コンストラクト+	赋予自己或一个友军攻击力上升 3 层。消除 1 个减益效果。被施放的友军以第一招攻击随机一名敌人。
1024101	出発进行	对一个敌人造成攻击 70% 伤害。消除自己 1 个减益效果。
1024102	エネルギー充填	恢复自己或一个友军攻击力 50% 的血量。消除 1 个减益效果。
1024103	アウト・オブ・ホワイトライン	对敌方全体造成攻击 70% 伤害。消除 2 个（敌方）增益效果。
1024104	エネルギー充填+	恢复自己或一个友军攻击力 50% 的血量。消除 2 个减益效果。
1025101	ヒューマンズ・デコイ	对一个敌人造成攻击 50% 伤害。赋予自己嘲讽 2 层。
1025102	パッシブ・ジャマー	对一个敌人造成攻击 70% 伤害。70% 机率赋予防御力下降 1 层。赋予自己回春 2 层。
1025103	ジェミニィズ・ディサイド	赋予自己防御力上升 2 层，并赋予自己伤害集中。
1025104	パッシブ・ジャマー+	对一个敌人造成攻击 70% 伤害。70% 机率赋予防御力下降 1 层。赋予自己回春 2 层。
1026101	ピスタ・エピディオシ	对一个敌人造成攻击 60% 伤害。40% 机率赋予中毒 2 层。
1026102	ヴァサニスティリオ	对一个敌人造成攻击 70% 伤害。赋予速度下降 2 层。
1026103	マヴロ・アスプロ	赋予一个敌人沉默 2 层。
1026104	ヴァサニスティリオ+	对一个敌人造成攻击 70% 伤害。赋予速度下降 2 层。70% 机率赋予防御力下降 1 层。
1026201	レピダ・ステレオシス	对一个敌人造成攻击 70% 伤害。60% 机率赋予烧伤 1 层。
1026202	スフェラ・カタディキ	对一个敌人造成二到四次 40% 攻击伤害，第二次开始每打一次 combo +1。自身的技能发动率上升效果越高，则越容易多次攻击。
1026203	マヴロ・アスプロ	对敌方全体造成攻击 80% 伤害，且随 combo 数增加伤害。
1026204	マヴロ・アスプロ+	对敌方全体造成攻击 80% 伤害，且随 combo 数增加伤害。
1027101	运は贵方を见放した	对一个敌人造成攻击 60% 伤害。40% 机率赋予攻击力下降 1 层。
1027102	この世は常に盛者必衰	对敌方全体造成攻击 50% 伤害。50% 机率赋予攻击力下降 1 层。
1027103	人界撰述	对一个敌人造成攻击 150% 伤害。赋予困惑 2 层。
1027104	运は贵方を见放した+	对一个敌人造成攻击 60% 伤害。赋予攻击力下降 1 层。
1028101	メレンゲ・メイキング	对一个敌人造成攻击 60% 伤害。60% 机率赋予烧伤 2 层。
1028102	スイーツ・ファクトリー	恢复自己或一个友军攻击力 100% 的血量。消除一个减益效果。
1028103	ホイッピング・トルネード	赋予我方所有成员回春 2 层。
1028104	スイーツ・ファクトリー+	恢复自己或一个友军攻击力 130% 的血量。消除一个减益效果。
1029101	ミレニアム・フィスト	对一个敌人造成攻击 60% 伤害。获得 1000 View。
1029102	フルレンジ・スマッシャー	对敌方全体造成攻击 90% 伤害。
1029103	メモリアル・ヒーローズ	获得 25000 View。
1029104	ミレニアム・フィスト+	对一个敌人造成攻击 60% 伤害。获得 3000 View。
1029201	コメット・ブラスター	对一个敌人造成攻击 70% 伤害。恢复自己攻击力 25% 血量。
1029202	ホーリー・キャノン	对一个敌人造成攻击 150% 伤害。赋予防御力上升 1 层、速度上升 1 层这三个技能其中一个。
1029203	メモリアル・ヒーローズ	对一个敌人造成攻击 200% 伤害。赋予防御力下降 1 层。若以此技能击败敌人，则当前附加于自身的增益效果增加 1 层。
1029204	メモリアル・ヒーローズ+	对一个敌人造成攻击 200% 伤害。赋予防御力下降 1 层。若以此技能击败敌人，则当前附加于自身的增益效果增加 1 层。
1030101	マーチソン・メテオ	对敌方全体造成攻击 20% 伤害。
1030102	ジャイアント・インパクト	对敌方全体造成攻击 70% 伤害。75% 机率赋予中毒 1 层。
1030103	ブラキウム・エクス・マキナ	对敌方全体造成攻击 100% 伤害。赋予烧伤 1层，且另有 50% 机率赋予防御下降 1 层。
1030104	マーチソン・メテオ+	对敌方全体造成攻击 30% 伤害。
1031101	キニゴ・シレクティス	对一个敌人造成攻击 70% 伤害。40% 机率赋予防御力下降 1 层。
1031102	プロテイコス・ソマ	（被动技）在尚未爆衣的形况下攻击力增加 20%，爆衣状态下获得「防御姿态」（承受伤害减少 20%）。
1031103	テラス・プロドスィア	对一个敌人造成攻击 160% 伤害。在「攻击姿态」时，伤害 1.5 倍。对自己造成最大生命值 51% 伤害，并获得隐身 1 层。在「防御姿态」时，赋予自己无敌 1 层。
1031104	テラス・プロドスィア+	对一个敌人造成攻击 180% 伤害。在「攻击姿态」时，伤害 1.5 倍。对自己造成最大生命值 51% 伤害，并获得隐身 1 层。在「防御姿态」时，赋予自己无敌 1 层。
1032101	マネー・イズ・タイム	对一个敌人造成攻击 60% 伤害。10% 机率赋予自己觉醒 1 层。
1032102	ゴールドラッシュ・アワー	赋予自己或一个友军速度上升 1 层。获得 8000 View。
1032103	ビッグハンマー・コルヌコピア	赋予自己或一个友军觉醒 2 层。
1032104	ビッグハンマー・コルヌコピア+	赋予自己或一个友军觉醒 2 层。
1033101	大风の舞い	对一个敌人造成攻击 70% 伤害。50% 机率赋予自己注目 1 层。
1033102	日轮の踊り	获得 7000 View。
1033103	ダンサクェ・トラエパス	恢复我方全体自身基础攻击 100% 血量。
1033104	ダンサクェ・トラエパス+	恢复我方全体自身基础攻击 110% 血量。
1034101	ザ・グレート・ステップ	对一个敌人造成攻击 50% 伤害。60% 机率赋予自己速度上升 2 层。
1034102	エスケイプ・フロム・ケイジ	对一个敌人造成 80% 攻击伤害。赋予防御力下降 1 层。
1034103	ソニックブーム・ペネトレイション	对一个敌人造成攻击 150% 伤害。若是自身速度值达 130 以上且敌人还没被打死，则以第一招追击。
1034104	ザ・グレート・ステップ+	对一个敌人造成攻击 50% 伤害。60% 机率赋予自己速度上升 2 层。
1043101	スラッシュ	对一个敌人造成 80% 攻击伤害。
1043102	毒突き	对一个敌人造成 80% 攻击伤害。80% 机率赋予中毒 1 层。
1043103	木狼の意地	对一个敌人造成攻击 110% 伤害。30% 机率赋予自己防御力上升 1 层。
1043104	木狼の意地+	对一个敌人造成攻击 130% 伤害。30% 机率赋予自己防御力上升 1 层。
1045101	スラッシュ	对一个敌人造成 80% 攻击伤害。
1045102	毒突き	对一个敌人造成 80% 攻击伤害。80% 机率赋予中毒 1 层。
1045103	影狼の意地	对一个敌人造成攻击 110% 伤害。20% 机率赋予攻击力下降 1 层。
1045104	影狼の意地+	对一个敌人造成攻击 130% 伤害。20% 机率赋予攻击力下降 1 层。
1051101	源泉流刃	对一个敌人造成攻击 70% 伤害。解除自己一个减益效果。
1051102	超加温闪	对一个敌人造成攻击 100% 伤害。赋予防御力下降 1 层。
1051103	极楽汤流斩	对一个敌人造成攻击 160% 伤害。赋予自己攻击力上升 1 层。
1051104	极楽汤流斩+	对一个敌人造成攻击 180% 伤害。赋予自己攻击力上升 1 层。
1053101	ステルスアタック	对一个敌人造成攻击 40% 伤害。80% 机率赋予自己隐蔽 1 层。
1053102	エネルギーシールド	赋予自己或友军防御力上升 1 层。获得 6000 View。
1053103	オープス・クリエイション	赋予我方全体防御力上升 1 层。
1053104	オープス・クリエイション+	赋予我方全体防御力上升 1 层。
1059101	フィル・ダレニェ	对一个敌人造成攻击 50% 伤害。50% 机率赋予速度下降 1 层。
1059102	ヴォン・タリエール	赋予自己或一个友军速度上升 1 层。
1059103	タイユール・ア・グリフェス	对一个敌人造成攻击 100% 伤害。赋予我方全体速度上升 1 层。
1059104	フィル・ダレニェ+	对一个敌人造成攻击 50% 伤害。赋予速度下降 1 层。
1061101	シーニングスヴァルド	对一个敌人造成攻击 70% 伤害。恢复自身攻击力 30% 的血量。
1061102	アクセレルスラッシュ	对一个敌人造成攻击 90% 伤害，且随自己与对方的速度差增加伤害。
1061103	エドアブデ・ハイエリデン	对一个敌人造成攻击 180% 伤害。赋予防御力下降 1 层。解除 1 个增益效果。
1061104	エドアブデ・ハイエリデン+	对一个敌人造成攻击 180% 伤害。赋予防御力下降 1 层。解除 2 个增益效果。
1062101	スクルォストレ	对一个敌人造成攻击 60% 伤害。60% 机率赋予自己防御力上升 1 层。
1062102	コンゲンス・アンスヴァ	赋予自己嘲讽 3 层。
1062103	ヘリッグ・フランメライ	对一个敌人造成攻击 130% 伤害。赋予攻击力下降 2 层。
1062104	コンゲンス・アンスヴァ+	赋予自己嘲讽 3 层。赋予自己防御力上升 1 层。
1063101	ゴー・ストレイト	对一个敌人造成 70% 攻击伤害。50% 机率解除其身上 1 个增益效果。
1063102	テクニカル・ドライビング	赋予一个敌人防御力下降 2 层。获得 6000 View。
1063103	ロード・トゥ・トライライン	对一个敌人造成 120% 攻击伤害。赋予速度防御力 1 层。若攻击后该敌人尚存活，则以我方随机一名角色技能追击。
1063104	テクニカル・ドライビング+	赋予一个敌人防御力下降 2 层。获得 8000 View。
1064101	カッティング・エッジ	对一个敌人造成 50% 攻击伤害。60% 机率赋予速度下降 1 层。
1064102	バースト・ショット	赋予自己或一个友军攻速度上升 1 层。combo 数+2。
1064103	オンフレーム・レジデント	赋予一个敌人速度超级下降 2 层，困惑 1 层。
1064104	カッティング・エッジ+	对一个敌人造成 50% 攻击伤害。赋予速度下降 1 层。
1065101	ブーザ・ファントム	对一个敌人造成 45% 攻击伤害。60% 机率赋予中毒 2 层。若自身没有受伤且敌人尚存的情况下，此技能会额外发动一次（一回合仅发动一次）。
1065102	ツァイトシュイプルンク	对一个敌人造成攻击 100% 伤害，解除一个增益效果，若成功解除，则获得该增益效果。【被动】自己若没有受伤，则赋予自己等同于「潜行」的效果。
1065103	フェアギス・マインニヒト	对敌方全体造成 70% 攻击伤害，且血量越多伤害越高。
1065104	フェアギス・マインニヒト+	对敌方全体造成 70% 攻击伤害，且血量越多伤害越高。
1066101	オープン・ファイア	对一个敌人造成 80% 攻击伤害。
1066102	援护要请	恢复自己或一个友军攻击力 80% 的血量。若施放对象是火属性，则赋予攻击力上升 1 层。
1066103	ボリー・ファイア	对敌方全体造成 70% 攻击伤害。随机赋予我方一名角色防御力上升 1 层。
1066104	ボリー・ファイア+	对敌方全体造成 70% 攻击伤害。随机赋予我方一名角色两个防御力上升 1 层。
1067101	オープン・ファイア	对一个敌人造成 80% 攻击伤害。
1067102	援护要请	恢复自己或一个友军攻击力 80% 的血量。若施放对象是水属性，则赋予攻击力上升 1 层。
1067103	ボリー・ファイア	对敌方全体造成 70% 攻击伤害。随机赋予我方一名角色防御力上升 1 层。
1067104	ボリー・ファイア+	对敌方全体造成 70% 攻击伤害。随机赋予我方一名角色两个防御力上升 1 层。
1068101	オープン・ファイア	对一个敌人造成 80% 攻击伤害。
1068102	援护要请	恢复自己或一个友军攻击力 80% 的血量。若施放对象是木属性，则赋予攻击力上升 1 层。
1068103	ボリー・ファイア	对敌方全体造成 70% 攻击伤害。随机赋予我方一名角色防御力上升 1 层。
1068104	ボリー・ファイア+	对敌方全体造成 70% 攻击伤害。随机赋予我方一名角色两个防御力上升 1 层。
1069101	オープン・ファイア	对一个敌人造成 80% 攻击伤害。
1069102	援护要请	恢复自己或一个友军攻击力 80% 的血量。若施放对象是光属性，则赋予攻击力上升 1 层。
1069103	ボリー・ファイア	对敌方全体造成 70% 攻击伤害。随机赋予我方一名角色防御力上升 1 层。
1069104	ボリー・ファイア+	对敌方全体造成 70% 攻击伤害。随机赋予我方一名角色两个防御力上升 1 层。
1070101	オープン・ファイア	对一个敌人造成 80% 攻击伤害。
1070102	援护要请	恢复自己或一个友军攻击力 80% 的血量。若施放对象是暗属性，则赋予攻击力上升 1 层。
1070103	ボリー・ファイア	对敌方全体造成 70% 攻击伤害。随机赋予我方一名角色防御力上升 1 层。
1070104	ボリー・ファイア+	对敌方全体造成 70% 攻击伤害。随机赋予我方一名角色两个防御力上升 1 层。
1072101	インビジブル・アタック	对一个敌人造成 70% 攻击伤害。60% 机率赋予「马赛克」 1 层。
1072102	ステルス・マーキング	解除一个敌人的 1 个增益效果，并赋予防御力下降 2 层。
1072103	オペレーション・リゲイン	对敌方全体造成 70% 攻击伤害。赋予「马赛克」 1 层。
1072104	インビジブル・アタック+	对一个敌人造成 70% 攻击伤害。赋予「马赛克」 1 层。
1073101	メテオロ・キデモナス	对一个敌人造成攻击 80% 伤害。
1073102	エヴロギア・コミティ	恢复我方全体自身基础攻击 80% 血量。
1073103	ペンデ・アナムネーシス	恢复自己或一个友军攻击力 160% 的血量。解除 1 层减益效果。
1073104	ペンデ・アナムネーシス+	恢复自己或一个友军攻击力 160% 的血量。解除 1 层减益效果。赋予攻击力上升 1 层。
1075101	射将先马の策	解除一个敌人的 1 个增益效果。自己行动时发动这个技能的话，随机友军（自己除外）会以其自身的第一招技能进行追击。
1075102	一骑当千の策	赋予自己或一个友军攻击力上升 3 层。
1075103	风向転胜刃	赋予自己或一个友军防御力上升 1 层。赋予衰弱抵抗 +50 效果 1 层。
1075104	一骑当千の策+	赋予自己或一个友军攻击力上升 3 层。
1081101	戦略武术	对一个敌人造成攻击 70% 伤害。受到伤害时，25%机率以此技能反击。
1081102	阳动指令	赋予自己 2 层嘲讽与衰弱抵抗 +100。
1081103	破邪光煌拳	对一名敌人造成攻击 120% 伤害，且血量越低伤害越高。赋予我方全体防御力上升 1 层。
1081104	阳动指令+	赋予自己 2 层嘲讽与衰弱抵抗 +100。
1082101	シークト・カントゥス	对一个敌人造成攻击 60% 伤害。获得 1000 View。
1082102	ステラリス・エレジア	获得 11000 View。
1082103	グランディオロクア	赋予我方全体协奏 2 层。
1082104	シークト・カントゥス+	对一个敌人造成攻击 60% 伤害。获得 3000 View。
1100101	ポトルサルシャ・ポルカ	对一个敌人造成攻击 60% 伤害。获得 1000 View。
1100102	ジリンニ・リョフ	赋予一个敌人防御力下降 3 层。
1100103	リュビムィエ・クローウン	消除所有敌方 2 个增益效果。获得 9000 View。
1100104	ポトルサルシャ・ポルカ+	对一个敌人造成攻击 60% 伤害。获得 3000 View。
1101101	ウンシュターブリッヒ	对一个敌人造成 45% 攻击伤害。40% 机率赋予中毒 1 层。若 Combo 数 5 以上，则改为攻击敌方全体。
1101102	フェーネ・エイネルング	对一名敌人造成攻击 100% 伤害。赋予防御力上升 1 层。combo 数 +1。【被动】此英雄存活时，所有英雄的攻击力会随 combo 值上升，若其他英雄使用了会增加 combo 的技能，则 combo 会额外 +1，此技能无法叠加。
1101103	ニーマルス・フェアゲセン	对敌方全体造成攻击 80% 伤害，且随 combo 数增加伤害。
1101104	フェーネ・エイネルング+	对一名敌人造成攻击 100% 伤害。赋予防御力上升 1 层。combo 数 +1。【被动】此英雄存活时，所有英雄的攻击力会随 combo 值上升，若其他英雄使用了会增加 combo 的技能，则 combo 会额外 +1，此技能无法叠加。
2001101	一球入魂	赋予自己攻击力上升、防御力上升 1 层。
2001102	一球入魂+	赋予自己攻击力上升、防御力上升 1 层。
2001103	一球入魂++	赋予自己攻击力上升 2 层、防御力上升 1 层。
2001201	限定アカシS	赋予自己攻击力上升 1 层。额外行动一次。
2001202	限定アカシS+	赋予自己攻击力上升 1 层。额外行动一次。
2001203	限定アカシS++	赋予自己攻击力上升 1 层。额外行动一次。
2002101	ド迫力演出	获得 10000 View。
2002102	ド迫力演出+	获得 10000 View。
2002103	ド迫力演出++	获得 10000 View。
2003101	编み糸解き	赋予一个敌人防御力下降 2 层。
2003102	编み糸解き+	赋予一个敌人防御力下降 2 层。25% 赋予防御力下降。
2003103	编み糸解き++	赋予一个敌人防御力下降 2 层。50% 赋予防御力下降。
2004101	正义の雷撃	对一个敌人造成攻击 90% 伤害，且随自己与对方的速度差增加伤害。
2004102	正义の雷撃+	对一个敌人造成攻击 90% 伤害，且随自己与对方的速度差增加伤害。
2004103	正义の雷撃++	对一个敌人造成攻击 90% 伤害，且随自己与对方的速度差增加伤害。
2005101	インスタント装甲	赋予自己防御力增加 2 层。赋予速度增加 1 层。
2005102	インスタント装甲+	赋予自己防御力增加 2 层。赋予速度增加 1 层。
2005103	インスタント装甲++	赋予自己防御力增加 2 层。赋予速度增加 1 层。
2006101	现场仕込みの捕缚术	对一个敌人造成攻击 80% 伤害。60% 机率赋予速度下降 1 层。
2006102	现场仕込みの捕缚术+	对一个敌人造成攻击 80% 伤害。60% 机率赋予速度下降 1 层。
2006103	现场仕込みの捕缚术++	对一个敌人造成攻击 80% 伤害。60% 机率赋予速度下降 1 层。
2007101	援护射撃	对一个敌人造成攻击 90% 伤害。combo 数 +1。
2007102	援护射撃+	对一个敌人造成攻击 90% 伤害。combo 数 +1。
2007103	援护射撃++	对一个敌人造成攻击 90% 伤害。combo 数 +1。
2008101	火の粉払い	赋予自己无敌 1 层。
2008102	火の粉払い+	赋予自己无敌 1 层。恢复基础攻击 50% 血量。
2008103	火の粉払い++	赋予自己无敌 1 层。恢复基础攻击 80% 血量。
2009101	绝対救助の誓い	赋予自己两个攻击力上升 2 层、一个防御力下降 2 层。
2009102	绝対救助の誓い+	赋予自己两个攻击力上升 2 层、一个防御力下降 2 层。
2009103	绝対救助の誓い++	赋予自己两个攻击力上升 2 层、一个防御力下降 2 层。
2010101	成绩向上	combo 数 +3。
2010102	成绩向上+	combo 数 +3。
2010103	成绩向上++	combo 数 +4。
2011101	ポイズン・ボム	赋予一个敌人中毒 1 层，70% 机率额外赋予中毒 1 层，35% 机率再额外赋予中毒 1 层。
2011102	ポイズン・ボム+	赋予一个敌人中毒 1 层，70% 机率额外赋予中毒 1 层，35% 机率再额外赋予中毒 1 层。
2011103	ポイズン・ボム++	赋予一个敌人中毒 1 层，70% 机率额外赋予中毒 1 层，35% 机率再额外赋予中毒 1 层。
2012101	「攻」の墨迹	赋予自己或一个友军攻击力上升 2 层。
2012102	「攻」の墨迹+	赋予自己或一个友军攻击力上升 2 层。
2012103	「攻」の墨迹++	赋予自己或一个友军攻击力上升 2 层。消除自己身上的 1 个减益效果。
2013101	义に拠る助太刀	对一个敌人造成攻击 120% 伤害。
2013102	义に拠る助太刀+	对一个敌人造成攻击 130% 伤害。
2013103	义に拠る助太刀++	对一个敌人造成攻击 130% 伤害。
2014101	タフガイの精神	赋予自己或一个友军防御力上升 2 层。
2014102	タフガイの精神+	赋予自己或一个友军防御力上升 2 层。50% 机率赋予自己防御力上升 1 层。
2014103	タフガイの精神++	赋予自己或一个友军防御力上升 2 层。赋予自己防御力上升 1 层。
2015101	ツープラトン	对一个敌人造成攻击 70% 伤害。50% 机率赋予自己幸运 2 层。
2015102	ツープラトン+	对一个敌人造成攻击 70% 伤害。75% 机率赋予自己幸运 2 层。
2015103	ツープラトン++	对一个敌人造成攻击 70% 伤害。赋予自己幸运 2 层。
2017101	古海の暴れん坊	从所有敌方角色中随机对单体造成攻击 60% 伤害 2 次。
2017102	古海の暴れん坊+	从所有敌方角色中随机对单体造成攻击 60% 伤害 2 次。
2017103	古海の暴れん坊++	从所有敌方角色中随机对单体造成攻击 60% 伤害 2 次。
2018101	スーパースター登场	获得 7000 View。赋予自己幸运 2 层。
2018102	スーパースター登场+	获得 7000 View。赋予自己幸运 2 层。
2018103	スーパースター登场++	获得 7000 View。赋予自己幸运 2 层。
2019101	得意の燃え曲	赋予自己或一个友军攻击力上升 3 层。
2019102	得意の燃え曲+	赋予自己或一个友军攻击力上升 3 层。
2019103	得意の燃え曲++	赋予自己或一个友军攻击力上升 3 层。
2020101	病巣切除	对一个敌人造成攻击 90% 伤害。赋予防御力下降 2 层。
2020102	病巣切除+	对一个敌人造成攻击 90% 伤害。赋予防御力下降 2 层。
2020103	病巣切除++	对一个敌人造成攻击 90% 伤害。赋予防御力下降 2 层。
2021101	応急処置	恢复自己或一个友军基础攻击 100% 的血量。
2021102	応急処置+	恢复自己或一个友军基础攻击 100% 的血量。
2021103	応急処置++	恢复自己或一个友军基础攻击 100% 的血量。
2022101	追い込み渔	对一个敌人造成攻击 120% 伤害。赋予自己攻击力上升 1 层。
2022102	追い込み渔+	对一个敌人造成攻击 120% 伤害。赋予自己攻击力上升 1 层。
2022103	追い込み渔++	对一个敌人造成攻击 120% 伤害。赋予自己攻击力上升 1 层。
2023101	防壁急造	赋予自己嘲讽 2 层。赋予防御力上升 1 层。
2023102	防壁急造+	赋予自己嘲讽 2 层。赋予防御力上升 1 层。
2023103	防壁急造++	赋予自己嘲讽 2 层。赋予防御力上升 1 层。
2024101	运転抑止解除	消除自己 1 个减益效果。
2024102	运転抑止解除+	消除自己 2 个减益效果。
2024103	运転抑止解除++	消除自己 2 个减益效果。恢复基础攻击力 50% 的血量。
2025101	防护壁展开	赋予自己或一个友军防御力上升 1 层。获得 5000 View。
2025102	防护壁展开+	赋予自己或一个友军防御力上升 1 层。获得 5000 View。
2025103	防护壁展开++	赋予自己或一个友军防御力上升 1 层。获得 5000 View。
2026101	行动推理	赋予一个敌人速度下降 2 层。
2026102	行动推理+	赋予一个敌人速度下降 2 层。
2026103	行动推理++	赋予一个敌人速度下降 2 层。
2027101	戦意丧失の流れ	对一个敌人造成攻击 80% 伤害。40%机率赋予攻击力下降 2 层。
2027102	戦意丧失の流れ+	对一个敌人造成攻击 80% 伤害。40%机率赋予攻击力下降 2 层。
2027103	戦意丧失の流れ++	对一个敌人造成攻击 80% 伤害。40%机率赋予攻击力下降 2 层。
2028101	ひと摘みの隠し味	赋予自己回春 2 层。
2028102	ひと摘みの隠し味+	赋予自己回春 3 层。
2028103	ひと摘みの隠し味++	赋予自己或一位友军回春 3 层。
2029101	特ダネ素っ破抜き	赋予一个敌人防御力下降 1 层。获得 5000 View。
2029102	特ダネ素っ破抜き+	赋予一个敌人防御力下降 1 层。获得 5000 View。
2029103	特ダネ素っ破抜き++	赋予一个敌人防御力下降 1 层。获得 5000 View。
2030101	海贼流の略夺行动	对一个敌人造成攻击 90% 伤害。60% 机率赋予中毒 1 层。
2030102	海贼流の略夺行动+	对一个敌人造成攻击 90% 伤害。80% 机率赋予中毒 1 层。
2030103	海贼流の略夺行动++	对一个敌人造成攻击 90% 伤害。赋予中毒 1 层。
2031101	カイブツ狩り	对一个敌人造成「玩家角色攻击 60% + 敌人血量的 0.5%」伤害。
2031102	カイブツ狩り+	对一个敌人造成「玩家角色攻击 60% + 敌人血量的 0.75%」伤害。
2031103	カイブツ狩り++	对一个敌人造成「玩家角色攻击 60% + 敌人血量的 1%」伤害。
2032101	ベテランの夸示	赋予自己速度上升、无敌 1 层。
2032102	ベテランの夸示+	赋予自己速度上升、无敌 1 层。
2032103	ベテランの夸示++	赋予自己速度上升、无敌 1 层。
2033101	绿の恵み	赋予自己或一个友军速度上升 1 层。消除一个减益效果。
2033102	绿の恵み+	赋予自己或一个友军速度上升 1 层。消除一个减益效果。
2033103	绿の恵み++	赋予自己或一个友军速度上升 1 层。消除一个减益效果。
2034101	昔取った杵柄	赋予自己或一个友军速度上升、攻击力上升 1 层。
2034102	昔取った杵柄+	赋予自己或一个友军速度上升、攻击力上升 1 层。
2034103	昔取った杵柄++	赋予自己或一个友军速度上升、攻击力上升 1 层。
2035101	覚醒の「ツボ」	赋予自己狂乱 3 层。
2035102	覚醒の「ツボ」+	赋予自己狂乱 3 层。
2035103	覚醒の「ツボ」++	赋予自己狂乱 3 层。
2043101	援护スラッシュ	对一个敌人造成攻击 55% 伤害。
2043102	援护スラッシュ+	对一个敌人造成攻击 65% 伤害。
2043103	援护スラッシュ++	对一个敌人造成攻击 75% 伤害。
2045101	援护スラッシュ	对一个敌人造成攻击 55% 伤害。
2045102	援护スラッシュ+	对一个敌人造成攻击 65% 伤害。
2045103	援护スラッシュ++	对一个敌人造成攻击 75% 伤害。
2051101	挂け汤斩り	对一个敌人造成攻击 80% 伤害。消除自己一个减益效果。
2051102	挂け汤斩り+	对一个敌人造成攻击 80% 伤害。消除自己一个减益效果。
2051103	挂け汤斩り++	对一个敌人造成攻击 80% 伤害。消除自己一个减益效果。
2053101	防具メンテナンス	赋予自己防御力上升 2 层。
2053102	防具メンテナンス+	赋予自己防御力上升 2 层。
2053103	防具メンテナンス++	赋予自己防御力上升 2 层。
2059101	攻めの姿势	对一个敌人造成攻击 70% 伤害，且随自己与敌方的速度差增加伤害。
2059102	攻めの姿势+	对一个敌人造成攻击 70% 伤害，且随自己与敌方的速度差增加伤害。
2059103	攻めの姿势++	对一个敌人造成攻击 70% 伤害，且随自己与敌方的速度差增加伤害。
2061101	我武者罗な突撃	对一个敌人造成攻击 110% 伤害。给予自己攻击 40% 伤害。
2061102	我武者罗な突撃+	对一个敌人造成攻击 120% 伤害。给予自己攻击 40% 伤害。
2061103	我武者罗な突撃++	对一个敌人造成攻击 120% 伤害。给予自己攻击 30% 伤害。
2062101	白骑士推参	对一个敌人造成攻击 80% 伤害。50% 机率赋予自己防御力上升 1 层。
2062102	白骑士推参+	对一个敌人造成攻击 80% 伤害。65% 机率赋予自己防御力上升 1 层。
2062103	白骑士推参++	对一个敌人造成攻击 80% 伤害。80% 机率赋予自己防御力上升 1 层。
2063101	进路诱导	解除一个敌人 1 个增益效果。
2063102	进路诱导+	解除一个敌人 1 个增益效果。
2063103	进路诱导++	解除一个敌人 1 个增益效果。
2064101	ヒーロー激写	赋予一个敌人速度超级下降 1 层。
2064102	ヒーロー激写+	赋予一个敌人速度超级下降 1 层。
2064103	ヒーロー激写++	赋予一个敌人速度超级下降 1 层。
2065101	潜伏犯	对一个敌人造成攻击 80% 伤害。40% 机率赋予自己潜行 1 层。
2065102	潜伏犯+	对一个敌人造成攻击 80% 伤害。50% 机率赋予自己潜行 1 层。
2065103	潜伏犯++	对一个敌人造成攻击 80% 伤害。60% 机率赋予自己潜行 1 层。
2066101	行动准备	赋予我方一名角色 1 层 View 值消耗量 -500。
2066102	行动准备+	赋予我方一名角色 1 层 View 值消耗量 -750。
2066103	行动准备++	赋予我方一名角色 1 层 View 值消耗量 -1000。
2067101	行动准备	赋予我方一名角色 1 层 View 值消耗量 -500。
2067102	行动准备+	赋予我方一名角色 1 层 View 值消耗量 -750。
2067103	行动准备++	赋予我方一名角色 1 层 View 值消耗量 -1000。
2068101	行动准备	赋予我方一名角色 1 层 View 值消耗量 -500。
2068102	行动准备+	赋予我方一名角色 1 层 View 值消耗量 -750。
2068103	行动准备++	赋予我方一名角色 1 层 View 值消耗量 -1000。
2069101	行动准备	赋予我方一名角色 1 层 View 值消耗量 -500。
2069102	行动准备+	赋予我方一名角色 1 层 View 值消耗量 -750。
2069103	行动准备++	赋予我方一名角色 1 层 View 值消耗量 -1000。
2070101	行动准备	赋予我方一名角色 1 层 View 值消耗量 -500。
2070102	行动准备+	赋予我方一名角色 1 层 View 值消耗量 -750。
2070103	行动准备++	赋予我方一名角色 1 层 View 值消耗量 -1000。
2071101	おまじない	赋予自己或一个友军觉醒、攻击力上升 1 层。
2071102	おまじない+	赋予自己或一个友军觉醒、攻击力上升 1 层。
2071103	おまじない++	赋予自己或一个友军觉醒、攻击力上升 1 层。
2072101	不可视の伏兵	赋予一个敌人「马赛克」1 层。
2072102	不可视の伏兵+	赋予一个敌人「马赛克」1 层。
2072103	不可视の伏兵++	赋予一个敌人「马赛克」1 层。
2073101	お気楽船员	赋予一个敌人攻击力下降 1 层。
2073102	お気楽船员+	赋予一个敌人攻击力下降 1 层。
2073103	お気楽船员++	赋予一个敌人攻击力下降 1 层。
2075101	智将の采配	赋予自己或一个友军攻击力上升 2 层。Combo 数 +1。
2075102	智将の采配+	赋予自己或一个友军攻击力上升 2 层。Combo 数 +1。
2075103	智将の采配++	赋予自己或一个友军攻击力上升 2 层。Combo 数 +2。
2081101	援护拳撃	对一个敌人造成攻击 90% 伤害。50% 机率消除一个增益效果。
2081102	援护拳撃+	对一个敌人造成攻击 90% 伤害。60% 机率消除一个增益效果。
2081103	援护拳撃++	对一个敌人造成攻击 90% 伤害。70% 机率消除一个增益效果。
2082101	感応の旋律	赋予我方一名角色 1 层 View 值消耗量 -1000。
2082102	感応の旋律+	赋予我方一名角色 1 层 View 值消耗量 -1250。
2082103	感応の旋律++	赋予我方一名角色 1 层 View 值消耗量 -1500。
2100101	エンターテイナー	获得 7000 View。
2100102	エンターテイナー+	获得 7500 View。
2100103	エンターテイナー++	获得 8000 View。
2101101	アロマセラピー	恢复自己或一个友军基础攻击 50% 的血量。combo 数 +1。
2101102	アロマセラピー+	恢复自己或一个友军基础攻击 60% 的血量。combo 数 +1。
2101103	アロマセラピー++	恢复自己或一个友军基础攻击 70% 的血量。combo 数 +1。
2999101	类稀なる强运	赋予自己或一个友军幸运上升 2 层。
2999102	类稀なる强运+	赋予自己或一个友军幸运上升 3 层。
2999103	类稀なる强运++	赋予自己或一个友军幸运上升 3 层。
3001101	持ち前の负けん気Ⅰ	尚未爆衣时，攻击力增强 10%。
3001102	持ち前の负けん気Ⅱ	尚未爆衣时，攻击力增强 12%。
3001103	持ち前の负けん気Ⅲ	尚未爆衣时，攻击力增强 14%。
3001104	持ち前の负けん気Ⅳ	尚未爆衣时，攻击力增强 16%。
3001105	持ち前の负けん気Ⅴ	尚未爆衣时，攻击力增强 18%。
3001106	持ち前の负けん気Ⅵ	尚未爆衣时，攻击力增强 20%。
3001201	逆転ホーマー	受到伤害时有 50% 机率赋予自己攻击力上升 1 层。
3001202	逆転ホーマー+	受到伤害时有 60% 机率赋予自己攻击力上升 1 层。
3001203	逆転ホーマー++	受到伤害时有 70% 机率赋予自己攻击力上升 1 层。
3001204	逆転ホーマー+++	受到伤害时有 80% 机率赋予自己攻击力上升 1 层。
3001205	逆転ホーマー++++	受到伤害时有 90% 机率赋予自己攻击力上升 1 层。
3001206	逆転ホーマー+++++	受到伤害时赋予自己攻击力上升 1 层。
3002101	巧みなカメラワークⅠ	View 基础值 +5%。
3002102	巧みなカメラワークⅡ	View 基础值 +6%。
3002103	巧みなカメラワークⅢ	View 基础值 +7%。
3002104	巧みなカメラワークⅣ	View 基础值 +8%。
3002105	巧みなカメラワークⅤ	View 基础值 +9%。
3002106	巧みなカメラワークⅥ	View 基础值 +10%。
3003101	デザイナーの闪きⅠ	若自己的攻击造成敌方爆衣，则有 5% 机率再行动一层。
3003102	デザイナーの闪きⅡ	若自己的攻击造成敌方爆衣，则有 6% 机率再行动一层。
3003103	デザイナーの闪きⅢ	若自己的攻击造成敌方爆衣，则有 7% 机率再行动一层。
3003104	デザイナーの闪きⅣ	若自己的攻击造成敌方爆衣，则有 8% 机率再行动一层。
3003105	デザイナーの闪きⅤ	若自己的攻击造成敌方爆衣，则有 9% 机率再行动一层。
3003106	デザイナーの闪きⅥ	若自己的攻击造成敌方爆衣，则有 10% 机率再行动一层。
3004101	我が名を呼ぶ声Ⅰ	速度基础值 +5。
3004102	我が名を呼ぶ声Ⅱ	速度基础值 +5，攻击 +1%。
3004103	我が名を呼ぶ声Ⅲ	速度基础值 +5，攻击 +2%。
3004104	我が名を呼ぶ声Ⅳ	速度基础值 +5，攻击 +3%。
3004105	我が名を呼ぶ声Ⅴ	速度基础值 +5，攻击 +4%。
3004106	我が名を呼ぶ声Ⅵ	速度基础值 +5，攻击 +5%。
3005101	カスタムスーツⅠ	承受伤害 -5%。
3005102	カスタムスーツⅡ	承受伤害 -6%。
3005103	カスタムスーツⅢ	承受伤害 -7%。
3005104	カスタムスーツⅣ	承受伤害 -8%。
3005105	カスタムスーツⅤ	承受伤害 -9%。
3005106	カスタムスーツⅥ	承受伤害 -10%。
3006101	质素倹约のツケⅠ	速度基础值 -5。
3006102	质素倹约のツケⅡ	速度基础值 -5，攻击 +1%。
3006103	质素倹约のツケⅢ	速度基础值 -5，攻击 +2%。
3006104	质素倹约のツケⅣ	速度基础值 -5，攻击 +3%。
3006105	质素倹约のツケⅤ	速度基础值 -5，攻击 +4%。
3006106	质素倹约のツケⅥ	速度基础值 -5，攻击 +5%。
3007101	次弾装填Ⅰ	行动结束时有 10% 机率 combo 数 +1。
3007102	次弾装填Ⅱ	行动结束时有 12% 机率 combo 数 +1。
3007103	次弾装填Ⅲ	行动结束时有 14% 机率 combo 数 +1。
3007104	次弾装填Ⅳ	行动结束时有 16% 机率 combo 数 +1。
3007105	次弾装填Ⅴ	行动结束时有 18% 机率 combo 数 +1。
3007106	次弾装填Ⅵ	行动结束时有 20% 机率 combo 数 +1。
3008101	恒高温体质Ⅰ	被动伤害 -5%。
3008102	恒高温体质Ⅱ	被动伤害 -6%。
3008103	恒高温体质Ⅲ	被动伤害 -7%。
3008104	恒高温体质Ⅳ	被动伤害 -8%。
3008105	恒高温体质Ⅴ	被动伤害 -9%。
3008106	恒高温体质Ⅵ	被动伤害 -10%。
3009101	不屈のレンジャーⅠ	受到伤害时有 10% 机率获得攻击力上升 1 层。
3009102	不屈のレンジャーⅡ	受到伤害时有 14% 机率获得攻击力上升 1 层。
3009103	不屈のレンジャーⅢ	受到伤害时有 18% 机率获得攻击力上升 1 层。
3009104	不屈のレンジャーⅣ	受到伤害时有 22% 机率获得攻击力上升 1 层。
3009105	不屈のレンジャーⅤ	受到伤害时有 26% 机率获得攻击力上升 1 层。
3009106	不屈のレンジャーⅥ	受到伤害时有 30% 机率获得攻击力上升 1 层。
3010101	集中讲义Ⅰ	行动结束时有 10% 机率 combo 数 +1。
3010102	集中讲义Ⅱ	行动结束时有 12% 机率 combo 数 +1。
3010103	集中讲义Ⅲ	行动结束时有 14% 机率 combo 数 +1。
3010104	集中讲义Ⅳ	行动结束时有 16% 机率 combo 数 +1。
3010105	集中讲义Ⅴ	行动结束时有 18% 机率 combo 数 +1。
3010106	集中讲义Ⅵ	行动结束时有 20% 机率 combo 数 +1。
3011101	燃やすな危険Ⅰ	登场时有 20% 机率赋予敌方全体中毒 1 层。
3011102	燃やすな危険Ⅱ	登场时有 24% 机率赋予敌方全体中毒 1 层。
3011103	燃やすな危険Ⅲ	登场时有 28% 机率赋予敌方全体中毒 1 层。
3011104	燃やすな危険Ⅳ	登场时有 32% 机率赋予敌方全体中毒 1 层。
3011105	燃やすな危険Ⅴ	登场时有 36% 机率赋予敌方全体中毒 1 层。
3011106	燃やすな危険Ⅵ	登场时有 40% 机率赋予敌方全体中毒 1 层。
3012101	明镜止水の心Ⅰ	技能发动率增加 5%。
3012102	明镜止水の心Ⅱ	技能发动率增加 6%。
3012103	明镜止水の心Ⅲ	技能发动率增加 7%。
3012104	明镜止水の心Ⅳ	技能发动率增加 8%。
3012105	明镜止水の心Ⅴ	技能发动率增加 9%。
3012106	明镜止水の心Ⅵ	技能发动率增加 10%。
3013101	武人の心得Ⅰ	攻击力 +5%。
3013102	武人の心得Ⅱ	攻击力 +6%。
3013103	武人の心得Ⅲ	攻击力 +7%。
3013104	武人の心得Ⅳ	攻击力 +8%。
3013105	武人の心得Ⅴ	攻击力 +9%。
3013106	武人の心得Ⅵ	攻击力 +10%。
3014101	屈强なる冒険者Ⅰ	爆衣状态中，被动伤害 -10%。
3014102	屈强なる冒険者Ⅱ	爆衣状态中，被动伤害 -12%。
3014103	屈强なる冒険者Ⅲ	爆衣状态中，被动伤害 -14%。
3014104	屈强なる冒険者Ⅳ	爆衣状态中，被动伤害 -16%。
3014105	屈强なる冒険者Ⅴ	爆衣状态中，被动伤害 -18%。
3014106	屈强なる冒険者Ⅵ	爆衣状态中，被动伤害 -20%。
3015101	逆境で魅せる戦士Ⅰ	受到伤害时有 50% 机率获得 1000 View。
3015102	逆境で魅せる戦士Ⅱ	受到伤害时有 60% 机率获得 1000 View。
3015103	逆境で魅せる戦士Ⅲ	受到伤害时有 70% 机率获得 1000 View。
3015104	逆境で魅せる戦士Ⅳ	受到伤害时有 80% 机率获得 1000 View。
3015105	逆境で魅せる戦士Ⅴ	受到伤害时有 90% 机率获得 1000 View。
3015106	逆境で魅せる戦士Ⅵ	受到伤害时获得 1000 View。
3017101	狩猟泳法Ⅰ	自己攻击造成对手爆衣状态时，有 50% 机率赋予自己速度上升 1 层。
3017102	狩猟泳法Ⅱ	自己攻击造成对手爆衣状态时，有 60% 机率赋予自己速度上升 1 层。
3017103	狩猟泳法Ⅲ	自己攻击造成对手爆衣状态时，有 70% 机率赋予自己速度上升 1 层。
3017104	狩猟泳法Ⅳ	自己攻击造成对手爆衣状态时，有 80% 机率赋予自己速度上升 1 层。
3017105	狩猟泳法Ⅴ	自己攻击造成对手爆衣状态时，有 90% 机率赋予自己速度上升 1 层。
3017106	狩猟泳法Ⅵ	自己攻击造成对手爆衣状态时，赋予自己速度上升 1 层。
3018101	キラーコンテンツⅠ	View 基础值 +5%。
3018102	キラーコンテンツⅡ	View 基础值 +6%。
3018103	キラーコンテンツⅢ	View 基础值 +7%。
3018104	キラーコンテンツⅣ	View 基础值 +8%。
3018105	キラーコンテンツⅤ	View 基础值 +9%。
3018106	キラーコンテンツⅥ	View 基础值 +10%。
3019101	コール＆レスポンスⅠ	行动开始时有 15% 机率赋予自己攻击力上升 1 层。
3019102	コール＆レスポンスⅡ	行动开始时有 18% 机率赋予自己攻击力上升 1 层。
3019103	コール＆レスポンスⅢ	行动开始时有 21% 机率赋予自己攻击力上升 1 层。
3019104	コール＆レスポンスⅣ	行动开始时有 24% 机率赋予自己攻击力上升 1 层。
3019105	コール＆レスポンスⅤ	行动开始时有 27% 机率赋予自己攻击力上升 1 层。
3019106	コール＆レスポンスⅥ	行动开始时有 30% 机率赋予自己攻击力上升 1 层。
3020101	胁威の集中力Ⅰ	无视敌人嘲讽。
3020102	胁威の集中力Ⅱ	无视敌人嘲讽，攻击力 +1%。
3020103	胁威の集中力Ⅲ	无视敌人嘲讽，攻击力 +2%。
3020104	胁威の集中力Ⅳ	无视敌人嘲讽，攻击力 +3%。
3020105	胁威の集中力Ⅴ	无视敌人嘲讽，攻击力 +4%。
3020106	胁威の集中力Ⅵ	无视敌人嘲讽，攻击力 +5%。
3021101	戦场を駆ける天使Ⅰ	行动结束时恢复基础攻击 10% 的血量。
3021102	戦场を駆ける天使Ⅱ	行动结束时恢复基础攻击 12% 的血量。
3021103	戦场を駆ける天使Ⅲ	行动结束时恢复基础攻击 14% 的血量。
3021104	戦场を駆ける天使Ⅳ	行动结束时恢复基础攻击 16% 的血量。
3021105	戦场を駆ける天使Ⅴ	行动结束时恢复基础攻击 18% 的血量。
3021106	戦场を駆ける天使Ⅵ	行动结束时恢复基础攻击 20% 的血量。
3022101	喧哗好き渔师Ⅰ	攻击力 +5%。
3022102	喧哗好き渔师Ⅱ	攻击力 +6%。
3022103	喧哗好き渔师Ⅲ	攻击力 +7%。
3022104	喧哗好き渔师Ⅳ	攻击力 +8%。
3022105	喧哗好き渔师Ⅴ	攻击力 +9%。
3022106	喧哗好き渔师Ⅵ	攻击力 +10%。
3023101	大工の手游びⅠ	角色登场时有 50% 机率赋予自己防御力上升 1 层。
3023102	大工の手游びⅡ	角色登场时有 60% 机率赋予自己防御力上升 1 层。
3023103	大工の手游びⅢ	角色登场时有 70% 机率赋予自己防御力上升 1 层。
3023104	大工の手游びⅣ	角色登场时有 80% 机率赋予自己防御力上升 1 层。
3023105	大工の手游びⅤ	角色登场时有 90% 机率赋予自己防御力上升 1 层。
3023106	大工の手游びⅥ	角色登场时赋予自己防御力上升 1 层。
3024101	运転计画修正Ⅰ	行动开始时有 25% 机率消除自己 1 个减益效果。
3024102	运転计画修正Ⅱ	行动开始时有 30% 机率消除自己 1 个减益效果。
3024103	运転计画修正Ⅲ	行动开始时有 35% 机率消除自己 1 个减益效果。
3024104	运転计画修正Ⅳ	行动开始时有 40% 机率消除自己 1 个减益效果。
3024105	运転计画修正Ⅴ	行动开始时有 45% 机率消除自己 1 个减益效果。
3024106	运転计画修正Ⅵ	行动开始时有 50% 机率消除自己 1 个减益效果。
3025101	盾となる决意Ⅰ	行动开始时有 15% 机率赋予自己防御力上升 1 层。
3025102	盾となる决意Ⅱ	行动开始时有 18% 机率赋予自己防御力上升 1 层。
3025103	盾となる决意Ⅲ	行动开始时有 21% 机率赋予自己防御力上升 1 层。
3025104	盾となる决意Ⅳ	行动开始时有 24% 机率赋予自己防御力上升 1 层。
3025105	盾となる决意Ⅴ	行动开始时有 27% 机率赋予自己防御力上升 1 层。
3025106	盾となる决意Ⅵ	行动开始时有 30% 机率赋予自己防御力上升 1 层。
3026101	敌情把握Ⅰ	行动开始时有 10% 机率赋予一个敌人防御力下降 1 层。
3026102	敌情把握Ⅱ	行动开始时有 12% 机率赋予一个敌人防御力下降 1 层。
3026103	敌情把握Ⅲ	行动开始时有 14% 机率赋予一个敌人防御力下降 1 层。
3026104	敌情把握Ⅳ	行动开始时有 16% 机率赋予一个敌人防御力下降 1 层。
3026105	敌情把握Ⅴ	行动开始时有 18% 机率赋予一个敌人防御力下降 1 层。
3026106	敌情把握Ⅵ	行动开始时有 20% 机率赋予一个敌人防御力下降 1 层。
3027101	行动书き换えⅠ	行动开始时，有 5% 机率赋予一个敌人攻击力下降 1 层。
3027102	行动书き换えⅡ	行动开始时，有 6% 机率赋予一个敌人攻击力下降 1 层。
3027103	行动书き换えⅢ	行动开始时，有 7% 机率赋予一个敌人攻击力下降 1 层。
3027104	行动书き换えⅣ	行动开始时，有 8% 机率赋予一个敌人攻击力下降 1 层。
3027105	行动书き换えⅤ	行动开始时，有 9% 机率赋予一个敌人攻击力下降 1 层。
3027106	行动书き换えⅥ	行动开始时，有 10% 机率赋予一个敌人攻击力下降 1 层。
3028101	师匠譲りのド根性Ⅰ	行动开始时有 15% 赋予自己回春 2 层。
3028102	师匠譲りのド根性Ⅱ	行动开始时有 20% 赋予自己回春 2 层。
3028103	师匠譲りのド根性Ⅲ	行动开始时有 25% 赋予自己回春 2 层。
3028104	师匠譲りのド根性Ⅳ	行动开始时有 30% 赋予自己回春 2 层。
3028105	师匠譲りのド根性Ⅴ	行动开始时有 35% 赋予自己回春 2 层。
3028106	师匠譲りのド根性Ⅵ	行动开始时有 40% 赋予自己回春 2 层。
3029101	今回のハイライトⅠ	爆衣状态下，View 基础值 +10%。
3029102	今回のハイライトⅡ	爆衣状态下，View 基础值 +12%。
3029103	今回のハイライトⅢ	爆衣状态下，View 基础值 +14%。
3029104	今回のハイライトⅣ	爆衣状态下，View 基础值 +16%。
3029105	今回のハイライトⅤ	爆衣状态下，View 基础值 +18%。
3029106	今回のハイライトⅥ	爆衣状态下，View 基础值 +20%。
3030101	一番枪キャプテンⅠ	行动开始时，15% 机率赋予自己攻击力上升 1 层。
3030102	一番枪キャプテンⅡ	行动开始时，18% 机率赋予自己攻击力上升 1 层。
3030103	一番枪キャプテンⅢ	行动开始时，21% 机率赋予自己攻击力上升 1 层。
3030104	一番枪キャプテンⅣ	行动开始时，24% 机率赋予自己攻击力上升 1 层。
3030105	一番枪キャプテンⅤ	行动开始时，27% 机率赋予自己攻击力上升 1 层。
3030106	一番枪キャプテンⅥ	行动开始时，30% 机率赋予自己攻击力上升 1 层。
3031101	不定形フォルムⅠ	尚未爆衣时，攻击力增加 3.5%。爆衣时，承受伤害 -3.5%。
3031102	不定形フォルムⅡ	尚未爆衣时，攻击力增加 4.2%。爆衣时，承受伤害 -4.2%。
3031103	不定形フォルムⅢ	尚未爆衣时，攻击力增加 4.9%。爆衣时，承受伤害 -4.9%。
3031104	不定形フォルムⅣ	尚未爆衣时，攻击力增加 5.6%。爆衣时，承受伤害 -5.6%。
3031105	不定形フォルムⅤ	尚未爆衣时，攻击力增加 6.3%。爆衣时，承受伤害 -6.3%。
3031106	不定形フォルムⅥ	尚未爆衣时，攻击力增加 7%。爆衣时，承受伤害 -7%。
3032101	金の亡者Ⅰ	战斗金币获得增加 1%。
3032102	金の亡者Ⅱ	战斗金币获得增加 2%。
3032103	金の亡者Ⅲ	战斗金币获得增加 3%。
3032104	金の亡者Ⅳ	战斗金币获得增加 4%。
3032105	金の亡者Ⅴ	战斗金币获得增加 5%。
3032106	金の亡者Ⅵ	战斗金币获得增加 6%。
3033101	光合成体质Ⅰ	基础生命值 +5%。
3033102	光合成体质Ⅱ	基础生命值 +6%。
3033103	光合成体质Ⅲ	基础生命值 +7%。
3033104	光合成体质Ⅳ	基础生命值 +8%。
3033105	光合成体质Ⅴ	基础生命值 +9%。
3033106	光合成体质Ⅵ	基础生命值 +10%。
3034101	先导者の责务Ⅰ	战斗经验获得增加 1%。
3034102	先导者の责务Ⅱ	战斗经验获得增加 2%。
3034103	先导者の责务Ⅲ	战斗经验获得增加 3%。
3034104	先导者の责务Ⅳ	战斗经验获得增加 4%。
3034105	先导者の责务Ⅴ	战斗经验获得增加 5%。
3034106	先导者の责务Ⅵ	战斗经验获得增加 6%。
3035101	接続パス强制拡张Ⅰ	该名角色登场时，现存所有友军全体攻击力增加 3.5%。同种类效果择强覆盖（不互相叠加）。
3035102	接続パス强制拡张Ⅱ	该名角色登场时，现存所有友军全体攻击力增加 4.3%。同种类效果择强覆盖（不互相叠加）。
3035103	接続パス强制拡张Ⅲ	该名角色登场时，现存所有友军全体攻击力增加 5.1%。同种类效果择强覆盖（不互相叠加）。
3035104	接続パス强制拡张Ⅳ	该名角色登场时，现存所有友军全体攻击力增加 5.9%。同种类效果择强覆盖（不互相叠加）。
3035105	接続パス强制拡张Ⅴ	该名角色登场时，现存所有友军全体攻击力增加 6.7%。同种类效果择强覆盖（不互相叠加）。
3035106	接続パス强制拡张Ⅵ	该名角色登场时，现存所有友军全体攻击力增加 7.5%。同种类效果择强覆盖（不互相叠加）。
3043101	木狼の声援Ⅰ	攻击力增加 1%。
3043102	木狼の声援Ⅱ	攻击力增加 2%。
3043103	木狼の声援Ⅲ	攻击力增加 3%。
3043104	木狼の声援Ⅳ	攻击力增加 4%。
3043105	木狼の声援Ⅴ	攻击力增加 5%。
3043106	木狼の声援Ⅵ	攻击力增加 6%。
3045101	影狼の声援Ⅰ	HP 基础値增加 1%。
3045102	影狼の声援Ⅱ	HP 基础値增加 2%。
3045103	影狼の声援Ⅲ	HP 基础値增加 3%。
3045104	影狼の声援Ⅳ	HP 基础値增加 4%。
3045105	影狼の声援Ⅴ	HP 基础値增加 5%。
3045106	影狼の声援Ⅵ	HP 基础値增加 6%。
3051101	温浴の恵みⅠ	行动开始时，有 25% 机率解除自己一个减益效果。
3051102	温浴の恵みⅡ	行动开始时，有 30% 机率解除自己一个减益效果。
3051103	温浴の恵みⅢ	行动开始时，有 35% 机率解除自己一个减益效果。
3051104	温浴の恵みⅣ	行动开始时，有 40% 机率解除自己一个减益效果。
3051105	温浴の恵みⅤ	行动开始时，有 45% 机率解除自己一个减益效果。
3051106	温浴の恵みⅥ	行动开始时，有 50% 机率解除自己一个减益效果。
3053101	试作电磁シールドⅠ	受到伤害时，有 10% 机率赋予自己防御力上升 1 层。
3053102	试作电磁シールドⅡ	受到伤害时，有 14% 机率赋予自己防御力上升 1 层。
3053103	试作电磁シールドⅢ	受到伤害时，有 18% 机率赋予自己防御力上升 1 层。
3053104	试作电磁シールドⅣ	受到伤害时，有 22% 机率赋予自己防御力上升 1 层。
3053105	试作电磁シールドⅤ	受到伤害时，有 26% 机率赋予自己防御力上升 1 层。
3053106	试作电磁シールドⅥ	受到伤害时，有 30% 机率赋予自己防御力上升 1 层。
3059101	行动派の気质Ⅰ	登场时，有 50% 机率赋予自己速度上升 1 层。
3059102	行动派の気质Ⅱ	登场时，有 60% 机率赋予自己速度上升 1 层。
3059103	行动派の気质Ⅲ	登场时，有 70% 机率赋予自己速度上升 1 层。
3059104	行动派の気质Ⅳ	登场时，有 80% 机率赋予自己速度上升 1 层。
3059105	行动派の気质Ⅴ	登场时，有 90% 机率赋予自己速度上升 1 层。
3059106	行动派の気质Ⅵ	登场时，赋予自己速度上升 1 层。
3061101	芋骑士根性Ⅰ	有机率发动的技能，其发动率增加 5%。
3061102	芋骑士根性Ⅱ	有机率发动的技能，其发动率增加 6%。
3061103	芋骑士根性Ⅲ	有机率发动的技能，其发动率增加 7%。
3061104	芋骑士根性Ⅳ	有机率发动的技能，其发动率增加 8%。
3061105	芋骑士根性Ⅴ	有机率发动的技能，其发动率增加 9%。
3061106	芋骑士根性Ⅵ	有机率发动的技能，其发动率增加 10%。
3062101	骑士王の覇気Ⅰ	爆衣状态下，15% 机率赋予自身无敌 1 层。
3062102	骑士王の覇気Ⅱ	爆衣状态下，18% 机率赋予自身无敌 1 层。
3062103	骑士王の覇気Ⅲ	爆衣状态下，21% 机率赋予自身无敌 1 层。
3062104	骑士王の覇気Ⅳ	爆衣状态下，24% 机率赋予自身无敌 1 层。
3062105	骑士王の覇気Ⅴ	爆衣状态下，27% 机率赋予自身无敌 1 层。
3062106	骑士王の覇気Ⅵ	爆衣状态下，30% 机率赋予自身无敌 1 层。
3063101	幸运の运び手Ⅰ	行动开始时，有 20% 机率赋予自己幸运 1 层。
3063102	幸运の运び手Ⅱ	行动开始时，有 24% 机率赋予自己幸运 1 层。
3063103	幸运の运び手Ⅲ	行动开始时，有 28% 机率赋予自己幸运 1 层。
3063104	幸运の运び手Ⅳ	行动开始时，有 32% 机率赋予自己幸运 1 层。
3063105	幸运の运び手Ⅴ	行动开始时，有 36% 机率赋予自己幸运 1 层。
3063106	幸运の运び手Ⅵ	行动开始时，有 40% 机率赋予自己幸运 1 层。
3064101	オートフォーカスⅠ	行动开始时，有 15% 机率赋予自己攻击力上升 1 层。自己处于「自动行动」模式时、以敌方为施放对象的技能会优先施放于当前 HP 最高的敌人身上。
3064102	オートフォーカスⅡ	行动开始时，有 18% 机率赋予自己攻击力上升 1 层。自己处于「自动行动」模式时、以敌方为施放对象的技能会优先施放于当前 HP 最高的敌人身上。
3064103	オートフォーカスⅢ	行动开始时，有 21% 机率赋予自己攻击力上升 1 层。自己处于「自动行动」模式时、以敌方为施放对象的技能会优先施放于当前 HP 最高的敌人身上。
3064104	オートフォーカスⅣ	行动开始时，有 24% 机率赋予自己攻击力上升 1 层。自己处于「自动行动」模式时、以敌方为施放对象的技能会优先施放于当前 HP 最高的敌人身上。
3064105	オートフォーカスⅤ	行动开始时，有 27% 机率赋予自己攻击力上升 1 层。自己处于「自动行动」模式时、以敌方为施放对象的技能会优先施放于当前 HP 最高的敌人身上。
3064106	オートフォーカスⅥ	行动开始时，有 30% 机率赋予自己攻击力上升 1 层。自己处于「自动行动」模式时、以敌方为施放对象的技能会优先施放于当前 HP 最高的敌人身上。
3065101	神出鬼没の怪盗Ⅰ	回合开始时，10% 机率赋予自身潜行 1 层。
3065102	神出鬼没の怪盗Ⅱ	回合开始时，12% 机率赋予自身潜行 1 层。
3065103	神出鬼没の怪盗Ⅲ	回合开始时，14% 机率赋予自身潜行 1 层。
3065104	神出鬼没の怪盗Ⅳ	回合开始时，16% 机率赋予自身潜行 1 层。
3065105	神出鬼没の怪盗Ⅴ	回合开始时，18% 机率赋予自身潜行 1 层。
3065106	神出鬼没の怪盗Ⅵ	回合开始时，20% 机率赋予自身潜行 1 层。
3066101	火佣兵の准备Ⅰ	被赋予烧伤机率 -10%
3066102	火佣兵の准备Ⅱ	被赋予烧伤机率 -12%
3066103	火佣兵の准备Ⅲ	被赋予烧伤机率 -14%
3066104	火佣兵の准备Ⅳ	被赋予烧伤机率 -16%
3066105	火佣兵の准备Ⅴ	被赋予烧伤机率 -18%
3066106	火佣兵の准备Ⅵ	被赋予烧伤机率 -20%
3067101	水佣兵の准备Ⅰ	被赋予攻击力下降机率 -10%
3067102	水佣兵の准备Ⅱ	被赋予攻击力下降机率 -12%
3067103	水佣兵の准备Ⅲ	被赋予攻击力下降机率 -14%
3067104	水佣兵の准备Ⅳ	被赋予攻击力下降机率 -16%
3067105	水佣兵の准备Ⅴ	被赋予攻击力下降机率 -18%
3067106	水佣兵の准备Ⅵ	被赋予攻击力下降机率 -20%
3068101	木佣兵の准备Ⅰ	被赋予中毒机率 -15%
3068102	木佣兵の准备Ⅱ	被赋予中毒机率 -18%
3068103	木佣兵の准备Ⅲ	被赋予中毒机率 -21%
3068104	木佣兵の准备Ⅳ	被赋予中毒机率 -24%
3068105	木佣兵の准备Ⅴ	被赋予中毒机率 -27%
3068106	木佣兵の准备Ⅵ	被赋予中毒机率 -30%
3069101	光佣兵の准备Ⅰ	被赋予速度下降机率 -10%
3069102	光佣兵の准备Ⅱ	被赋予速度下降机率 -12%
3069103	光佣兵の准备Ⅲ	被赋予速度下降机率 -14%
3069104	光佣兵の准备Ⅳ	被赋予速度下降机率 -16%
3069105	光佣兵の准备Ⅴ	被赋予速度下降机率 -18%
3069106	光佣兵の准备Ⅵ	被赋予速度下降机率 -20%
3070101	影佣兵の准备Ⅰ	被赋予防御力下降机率 -10%
3070102	影佣兵の准备Ⅱ	被赋予防御力下降机率 -12%
3070103	影佣兵の准备Ⅲ	被赋予防御力下降机率 -14%
3070104	影佣兵の准备Ⅳ	被赋予防御力下降机率 -16%
3070105	影佣兵の准备Ⅴ	被赋予防御力下降机率 -18%
3070106	影佣兵の准备Ⅵ	被赋予防御力下降机率 -20%
3071101	たたかう魔女Ⅰ	行动开始时，获得自身 12.5% 的 View 值。自己处于「自动行动」模式时，以我方为施放对象的技能会优先施放于攻击力最高的角色身上。
3071102	たたかう魔女Ⅱ	行动开始时，获得自身 15% 的 View 值。自己处于「自动行动」模式时，以我方为施放对象的技能会优先施放于攻击力最高的角色身上。
3071103	たたかう魔女Ⅲ	行动开始时，获得自身 17.5% 的 View 值。自己处于「自动行动」模式时，以我方为施放对象的技能会优先施放于攻击力最高的角色身上。
3071104	たたかう魔女Ⅳ	行动开始时，获得自身 20% 的 View 值。自己处于「自动行动」模式时，以我方为施放对象的技能会优先施放于攻击力最高的角色身上。
3071105	たたかう魔女Ⅴ	行动开始时，获得自身 22.5% 的 View 值。自己处于「自动行动」模式时，以我方为施放对象的技能会优先施放于攻击力最高的角色身上。
3071106	たたかう魔女Ⅵ	行动开始时，获得自身 25% 的 View 值。自己处于「自动行动」模式时，以我方为施放对象的技能会优先施放于攻击力最高的角色身上。
3072101	死线上の佣兵Ⅰ	登场时 50% 机率赋予自己隐蔽 1 层。
3072102	死线上の佣兵Ⅱ	登场时 60% 机率赋予自己隐蔽 1 层。
3072103	死线上の佣兵Ⅲ	登场时 70% 机率赋予自己隐蔽 1 层。
3072104	死线上の佣兵Ⅳ	登场时 80% 机率赋予自己隐蔽 1 层。
3072105	死线上の佣兵Ⅴ	登场时 90% 机率赋予自己隐蔽 1 层。
3072106	死线上の佣兵Ⅵ	登场时赋予自己隐蔽 1 层。
3073101	无邪気な伟丈夫Ⅰ	使用不造成伤害的技能后，有 30% 机率赋予自己防御力上升 1 层。
3073102	无邪気な伟丈夫Ⅱ	使用不造成伤害的技能后，有 36% 机率赋予自己防御力上升 1 层。
3073103	无邪気な伟丈夫Ⅲ	使用不造成伤害的技能后，有 42% 机率赋予自己防御力上升 1 层。
3073104	无邪気な伟丈夫Ⅳ	使用不造成伤害的技能后，有 48% 机率赋予自己防御力上升 1 层。
3073105	无邪気な伟丈夫Ⅴ	使用不造成伤害的技能后，有 54% 机率赋予自己防御力上升 1 层。
3073106	无邪気な伟丈夫Ⅵ	使用不造成伤害的技能后，有 60% 机率赋予自己防御力上升 1 层。
3075101	后方支援Ⅰ	（直到第五回合结束）回合开始时，攻击力上升 2%。自己处于「自动行动」模式时，以敌人为目标的技能会优先施放于速度最快的角色身上。
3075102	后方支援Ⅱ	（直到第五回合结束）回合开始时，攻击力上升 2.4%。自己处于「自动行动」模式时，以敌人为目标的技能会优先施放于速度最快的角色身上。
3075103	后方支援Ⅲ	（直到第五回合结束）回合开始时，攻击力上升 2.8%。自己处于「自动行动」模式时，以敌人为目标的技能会优先施放于速度最快的角色身上。
3075104	后方支援Ⅳ	（直到第五回合结束）回合开始时，攻击力上升 3.2%。自己处于「自动行动」模式时，以敌人为目标的技能会优先施放于速度最快的角色身上。
3075105	后方支援Ⅴ	（直到第五回合结束）回合开始时，攻击力上升 3.6%。自己处于「自动行动」模式时，以敌人为目标的技能会优先施放于速度最快的角色身上。
3075106	后方支援Ⅵ	（直到第五回合结束）回合开始时，攻击力上升 4%。自己处于「自动行动」模式时，以敌人为目标的技能会优先施放于速度最快的角色身上。
3081101	忠兵の精神Ⅰ	登场时，有 50% 机率赋予自己衰弱抵抗 +100。
3081102	忠兵の精神Ⅱ	登场时，有 60% 机率赋予自己衰弱抵抗 +100。
3081103	忠兵の精神Ⅲ	登场时，有 70% 机率赋予自己衰弱抵抗 +100。
3081104	忠兵の精神Ⅳ	登场时，有 80% 机率赋予自己衰弱抵抗 +100。
3081105	忠兵の精神Ⅴ	登场时，有 90% 机率赋予自己衰弱抵抗 +100。
3081106	忠兵の精神Ⅵ	登场时，赋予自己衰弱抵抗 +100。
3082101	聴众の喝采Ⅰ	获得 View 值的技能获得量增加 5%。
3082102	聴众の喝采Ⅱ	获得 View 值的技能获得量增加 6%。
3082103	聴众の喝采Ⅲ	获得 View 值的技能获得量增加 7%。
3082104	聴众の喝采Ⅳ	获得 View 值的技能获得量增加 8%。
3082105	聴众の喝采Ⅴ	获得 View 值的技能获得量增加 9%。
3082106	聴众の喝采Ⅵ	获得 View 值的技能获得量增加 10%。
3100101	サーカス団长の手腕Ⅰ	攻击以外的技能发动后，获得自身 View 值的 20％。自己处于「自动行动」模式时，以我方为施放对象的技能会优先施放于血量最低的角色身上。
3100102	サーカス団长の手腕Ⅱ	攻击以外的技能发动后，获得自身 View 值的 24％。自己处于「自动行动」模式时，以我方为施放对象的技能会优先施放于血量最低的角色身上。
3100103	サーカス団长の手腕Ⅲ	攻击以外的技能发动后，获得自身 View 值的 28％。自己处于「自动行动」模式时，以我方为施放对象的技能会优先施放于血量最低的角色身上。
3100104	サーカス団长の手腕Ⅳ	攻击以外的技能发动后，获得自身 View 值的 32％。自己处于「自动行动」模式时，以我方为施放对象的技能会优先施放于血量最低的角色身上。
3100105	サーカス団长の手腕Ⅴ	攻击以外的技能发动后，获得自身 View 值的 36％。自己处于「自动行动」模式时，以我方为施放对象的技能会优先施放于血量最低的角色身上。
3100106	サーカス団长の手腕Ⅵ	攻击以外的技能发动后，获得自身 View 值的 40％。自己处于「自动行动」模式时，以我方为施放对象的技能会优先施放于血量最低的角色身上。
3101101	フラワーアレンジⅠ	自己尚未行动时，受到伤害减少 7.5%。
3101102	フラワーアレンジⅡ	自己尚未行动时，受到伤害减少 9%。
3101103	フラワーアレンジⅢ	自己尚未行动时，受到伤害减少 10.5%。
3101104	フラワーアレンジⅣ	自己尚未行动时，受到伤害减少 12%。
3101105	フラワーアレンジⅤ	自己尚未行动时，受到伤害减少 13.5%。
3101106	フラワーアレンジⅥ	自己尚未行动时，受到伤害减少 15%。
3999101	无意识下のアシストⅠ	技能 View 消耗 -500。
3999102	无意识下のアシストⅡ	技能 View 消耗 -600。
3999103	无意识下のアシストⅢ	技能 View 消耗 -700。
3999104	无意识下のアシストⅣ	技能 View 消耗 -800。
3999105	无意识下のアシストⅤ	技能 View 消耗 -900。
3999106	无意识下のアシストⅥ	技能 View 消耗 -1000。
4001101	百烈打砲	（敌人专属）对所有玩家角色造成攻击 110% 伤害。
4001102	燃ゆる白球	（敌人专属）对一名玩家角色造成攻击 90% 伤害。赋予烧伤 3 层。
4001103	百烈打砲	（敌人专属）对所有玩家角色造成攻击 80% 伤害。发动此技能后额外行动一次（一回合仅限一次）。
4001104	球児の闘志	（敌人专属）赋予自己攻击力上升 1 层。解除所有减益效果。
4001105	百烈打砲	（敌人专属）对所有玩家角色造成攻击 100% 伤害。
4002101	ハーキュリアン・パンチ	（敌人专属）对一名玩家角色造成攻击 70% 伤害。
4002102	ベスト・ディレクション	（敌人专属）获得 8000 View。CPU 方全体在该回合内的 View 消耗量都减少 3000。
4002103	メガトン・クラッシャー	（敌人专属）对一名玩家角色造成攻击 180% 伤害，且随当前 View 值增加伤害。
4002104	ベスト・ディレクション	（敌人专属）获得 15000 View。
4002105	パワー・ディレクション	（敌人专属）获得 15000 View。赋予 CPU 方全体攻击力上升 2 层。
4002106	メガトン・クラッシャー	（敌人专属）对一名玩家角色造成攻击 200% 伤害。
4004101	キロボルト・スラッグ	对一个敌人造成攻击 80% 伤害。
4004102	メガボルト・クラッシュ	赋予我方所有角色速度上升 1 层。赋予自己攻击力上升 1 层。
4004103	ギガボルト・ブレイカー	对敌方全体造成 90% 攻击伤害，且随对象与自己的速度差增加伤害。
4004106	ギガボルト・ブレイカー	（敌人专属）对敌方全体造成 90% 攻击伤害，且随对象与自己的速度差增加伤害。消除一个增益效果。
4004201	酔虎の鼓舞	（敌人专属）赋予一名CPU方角色两个攻击力上升 1 层。获得 5000 View。
4004202	酔虎の鼓舞+	（敌人专属）赋予一名CPU方角色三个攻击力上升 1 层。获得 5000 View。
4006101	公务执行	对一个敌人造成攻击 60% 伤害。60% 机率赋予防御下降 1 层。
4006102	対象补足	（敌人专属）赋予一名玩家角色「目标」 2 层。
4007102	撃ちまくりッス！	（敌人专属）对一名玩家角色造成攻击 120% 伤害，且随该角色减益效果数量增加伤害。
4007103	BANG&BANG&BANG!!	（敌人专属）对所有玩家角色造成攻击 90% 伤害。
4007104	狙い撃ちッス！	（敌人专属）对一名玩家角色造成攻击 80% 伤害。
4007105	狙い撃ちッス！	（敌人专属）对一名玩家角色造成攻击 70% 伤害。
4007107	撃ちまくりッス！	（敌人专属）从所有玩家角色中随机造成单体攻击 50% 伤害 4 次。
4007108	撃ちまくりッス！+	对一个敌人造成攻击 120% 伤害。赋予速度下降 1 层。
4008101	リキエスタ・スポルト	（敌人专属）赋予自己嘲讽 2 层。
4008102	彻底防御	（敌人专属）赋予自己防御力上升 3 层。
4008103	镇火确认！	（敌人专属）赋予玩家全体角色攻击力下降 2 层。
4008104	リキエスタ・スポルト	（敌人专属）对一名玩家角色造成攻击 80% 伤害。解除自己 1 个减益效果。
4008105	火中の协力	（敌人专属）赋予一名 CPU 方角色「View 消费减少 18000」1 层。赋予自己嘲讽 1 层。
4008201	エシェクタンテ・ドゥロ	（敌人专属）对一名玩家角色造成攻击力 90% 伤害，且随 View 值增加伤害。赋予玩家角色攻击力下降 1 层。
4008202	アクトゥアシオ・ナシル	（敌人专属）赋予自己嘲讽 3 层。赋予 CPU 方全体防御力上升 1 层。
4008203	アクトゥアシオ・ナシル	（敌人专属）赋予自己嘲讽 2 层。
4009101	デスペラード・マインド	（敌人专属）赋予自己攻击力上升、速度上升 1 层。
4009102	ハイパー・レスキュー	（敌人专属）对一名玩家角色造成攻击力 80% 伤害，且玩家角色血量越低伤害越高。
4009103	ライトスピード・フェニックス	（敌人专属）对所有玩家角色造成攻击 180% 伤害。
4009104	ハイパー・レスキュー	（敌人专属）对一名玩家角色造成 90% 攻击伤害。赋予自己烧伤 1 层。
4011101	ラブリーフレイム	（敌人专属）对一名玩家角色造成 80% 攻击伤害。获得 5000 View。
4011102	クレイジー・フォー・ボム	（敌人专属）赋予 CPU 方全体觉醒 1 层。
4011103	ハッピー♡フラワータイム	（敌人专属）对所有玩家角色造成攻击 90% 伤害。获得 10000 View。
4011104	ラブリーフレイム	（敌人专属）对一名玩家角色造成攻击 80% 伤害。
4011106	クレイジー・フォー・ボム	（敌人专属）赋予一名玩家角色两个攻击力下降 1 层，防御力下降 2 层。
4011107	ラブリー・フレイム	（敌人专属）对一名玩家角色造成攻击 60% 伤害。赋予玩家角色攻击力下降 1 层。
4011109	クレイジー・フォー・ボム	敌単体に2回分のDEFダウンを付与。（敌専用）
4011110	ハッピー♡フラワータイム	敌全体に90%ダメージ。Viewを10000获得。敌全体に1回分のDEFダウンを付与。（敌専用）
4012201	九十九墨迹	（敌人专属）对所有玩家角色造成攻击 80% 伤害。延长所有减益效果 1 层。
4012202	「隠」の书成术	（敌人专属）对一名玩家角色造成攻击 50% 伤害。赋予自己潜行 1 层。
4013101	狮子武者剣舞	（敌人专属）对一名玩家角色造成 200% 攻击伤害。
4014201	ヒストリーハンティング	（敌人专属）对一名玩家角色造成 100% 攻击伤害。获得 3000 View。
4014202	エクスプローラーズラック	（敌人专属）获得 15000 View。赋予 CPU 方全体攻击力上升 1 层。
4014203	ルインズ・サルベージ+	（敌人专属）对所有玩家角色造成攻击 60% 伤害。赋予防御力下降 1 层。
4017103	イドロマサズ・シロダス	（敌人专属）对一名玩家角色造成攻击 120% 伤害。赋予攻击力下降 2 层。
4017104	オケアノス・トゥ・ドラコス	（敌人专属）对随机一名玩家角色造成攻击 60% 伤害，共四次。
4021101	痛かったらゴメンナサイ	（敌人专属）对一名玩家角色造成 80% 攻击伤害。
4021102	皆さん、手当しますからね	（敌人专属）回复 CPU 方全体基础攻击 80% 的血量。
4021103	ブリング・ユア・スマイル	（敌人专属）对所有玩家角色造成攻击 80% 伤害；回复 CPU 方全体基础攻击 80% 的血量。
4022101	ホーミング投网	（敌人专属）对所有玩家角色造成攻击 90% 伤害。
4022102	见せたがり攻撃	（敌人专属）对一名玩家角色造成 60% 攻击伤害。
4022103	ホーミング投网	（敌人专属）对所有玩家角色造成攻击 80% 伤害。
4022104	ホーミング投网	（敌人专属）对所有玩家角色造成攻击 60% 伤害。
4022105	见せたがり攻撃	（敌人专属）对一名玩家角色造成 60% 攻击伤害。
4022106	ホーミング投网	（敌人专属）对所有玩家角色造成攻击 80% 伤害。消除增益效果 1 个。
4022107	イサリビ式爆钓渔法	（敌人专属）对所有玩家角色造成 150% 攻击伤害，且随对象与自己的速度差增加伤害。
4022108	ホーミング投网	（敌人专属）对所有玩家角色造成攻击 60% 伤害。消除增益效果 1 个。
4023101	スキャフォールディング	自身に2回分のDEFアップを付与。Viewを9000获得。（敌専用）
4023102	ハイエンド・コンストラクト	敌全体に70%ダメージ。40%の确率で1回の行动の间ATKダウンを付与。味方全体に1回分のDEFアップを付与。（敌専用）
4026101	探侦の鼓舞	（敌人专属）赋予 CPU 方全体攻击力上升 2 层。
4026102	探侦の推理	（敌人专属）赋予所有玩家角色防御力下降 1 层。
4026103	事件解决	（敌人专属）赋予所有玩家角色攻击力下降 1 层。
4027101	一场春梦	（敌人专属）赋予一名玩家角色两个攻击力下降 1 层。获得 7000 View。
4027102	一场春梦+	（敌人专属）赋予一名玩家角色两个攻击力下降 1 层。获得 7000 View。
4028101	回転制菓术-火-	（敌人专属）对玩家全体造成攻击 90% 伤害。赋予烧伤 1 层。
4028102	メレンゲ・メイキング	（敌人专属）对一名玩家角色造成攻击 90% 伤害。赋予玩家角色烧伤 2 层。
4030101	鼓舞	（敌人专属）赋予 CPU 方全体攻击力上升 3 层。当CUP死亡时，以 100% 血量复活。
4030102	ブラキウム・エクス・マキナ	（敌人专属）对玩家全体造成攻击 50 % 伤害。赋予 CPU 方全体攻击力上升 3 层。当CUP死亡时，以 100% 血量复活。
4030103	ブラキウム・エクス・マキナ+	（敌人专属）对玩家全体造成攻击 100 % 伤害。赋予 CPU 方全体攻击力上升 3 层。当CUP死亡时，以 100% 血量复活。
4030105	マーチソン・メテオ	（敌人专属）对一名玩家角色造成 75% 攻击伤害。CPU方随机一名角色进行追击。【爆衣状态追加效果】该名玩家角色若有减益效果，则再行动一次（只会行动一次）。
4030107	ブラキウム・エクスマキナ	（敌人专属）对所有玩家角色造成攻击 90% 伤害，且随玩家的减益效果数量增加伤害。
4030108	ジャイアント・インパクト	（敌人专属）对玩家全体造成攻击 50% 伤害。80% 机率赋予中毒 2 层。CUP死亡的角色以 100% 血量复活。
4030109	マーチソン・メテオ	（敌人专属）对一名玩家角色造成 75% 攻击伤害。CPU方随机一名角色进行追击。
4030110	ジャイアント・インパクト	（敌人专属）对玩家全体造成攻击 50% 伤害。80% 机率赋予中毒 2 层。CUP死亡的角色以 100% 血量复活。【爆衣状态追加效果】变更为 80% 机率赋予中毒 2 层。
4032101	マネー・イズ・タイム	（敌人专属）对一名玩家角色造成攻击 80% 伤害。
4032102	ゴールドラッシュ・アワー	（敌人专属）对所有玩家角色造成攻击 90% 伤害。
4032103	ビッグハンマー・コルヌコピア	（敌人专属）对所有玩家角色造成攻击 150% 伤害。
4032104	マネー・イズ・タイム	（敌人专属）对一名玩家角色造成克制属性攻击 60% 伤害。消除 CPU 方全体减益效果 1 个。
4032105	ゴールドラッシュ・アワー	（敌人专属）获得 25000 View。赋予 CPU 方全体超级加速 1 层。【爆衣状态追加效果】消除 CPU 方全体减益效果 1 个。
4032106	シャドウ・ハンマー	（敌人专属）对所有玩家角色造成攻击 55% 伤害。
4032107	アナザー・ハンマー	（敌人专属）对一名玩家角色造成 60% 攻击伤害。
4032108	クリティカル・インパクト	（敌人专属）对一名玩家角色造成 120% 攻击伤害。赋予防御力下降 1 层。赋予攻击力下降 1 层。
4032109	ゴールドラッシュ・アワー	（敌人专属）获得 5000 View。
4032110	シャドウ・ラッシュ	（敌人专属）获得 25000 View。
4032111	シャドウ・ラッシュ	（敌人专属）对一名玩家角色造成 100% 攻击伤害。获得 12000 View。随机赋予 CPU 方任一名角色随机增益（从攻击力上升、防御力上升中抽选）2 层，此随机赋予会重复三次。
4032112	シャドウ・ハンマー	（敌人专属）对所有玩家角色造成攻击 70% 伤害。获得 4000 View。自己若没有减益效果，则赋予 CPU 方全体攻击力上升 1 层。
4032113	シャドウ・プレス	（敌人专属）对所有玩家角色造成攻击 115% 伤害。获得 10000 View。
4033101	日轮の踊り	（敌人专属）CUP 死亡的角色以 100% 血量复活。
4033102	大风の舞い	（敌人专属）对所有玩家角色造成攻击 50% 伤害。
4033103	ダンサクェ・トラエパス	（敌人专属）赋予 CPU 方全体两个攻击力上升 3 层。赋予无敌 1 层。CUP 死亡的角色以 100% 血量复活。
4033104	シャドウ・ステップ	（敌人专属）对一名玩家角色造成攻击 80% 伤害。赋予玩家角色防御力下降 1 层。
4033105	シャドウ・ダンス	（敌人专属）恢复 CPU 方全体攻击力 30% 血量，赋予 CPU 方全体攻击力上升 2 层。
4033106	シャドウ・ダンス	（敌人专属）赋予 CPU 方全体攻击力上升 1 层、防御力上升 1 层。
4033107	シャドウ・アタック	（敌人专属）对一名玩家角色造成攻击 100% 伤害。获得 3000 View。若自己身上没有任何减益效果，则会恢复自身攻击 150％ 血量，并赋予攻击力上升 1 层。
4036101	カイブツ・バイト	（敌人专属）对一名玩家角色造成攻击 70% 伤害。40% 机率赋予玩家角色速度下降 1 层。
4036102	牙	（敌人专属）对一名玩家角色造成攻击 70% 伤害。
4036103	力の充填	（敌人专属）赋予 CPU 方全体攻击力上升 1 层。
4036104	力の断绝	（敌人专属）赋予 CPU 方全体防御力上升 1 层。
4036105	ダンジョン・バイト	（敌人专属）对一名玩家角色造成 70% 攻击伤害。获得 1000 View。
4036106	献身	（敌人专属）赋予自己嘲讽、伤害集中（群体伤害的伤害量也算在自己头上） 3 层。
4036107	カイブツ・バイト	（敌人专属）对一名玩家角色造成攻击 65% 伤害。
4036108	シールド・バイト	（敌人专属）对一名玩家角色造成攻击 60% 伤害。赋予 CPU 方全体「衰弱抵抗 100」 1 层。赋予防御力上升 1 层。
4036109	成长促进	（敌人专属）赋予一名 CPU 方角色攻击力上升 1 层。
4036110	View解放	（敌人专属）对一名玩家角色造成攻击 90% 伤害。赋予 CPU 方全体觉醒 1 层。获得 10000 View。
4036111	ダンジョン・バイト	（敌人专属）对一名玩家角色造成攻击 70% 伤害。赋予困惑 1 层。
4037103	巨大エネミーデバッグ用スキル	（敌人专属）对所有玩家角色造成攻击 90% 伤害。赋予自己攻击力上升、防御力上升 2 层。赋予自己回春 3 层。
4041101	スラッシュ！	（敌人专属）对一名玩家角色造成攻击 60% 伤害。40% 机率赋予玩家角色中毒 1 层。
4041102	ビルドアップ！	（敌人专属）赋予自己攻击力上升、防御力上升 2 层。
4041103	オールスラッシュ	（敌人专属）对所有玩家角色造成攻击 70% 伤害。
4041104	クリティカルヒット	（敌人专属）对一名玩家角色造成 70% 的克制属性伤害。
4041105	毒雾	（敌人专属）赋予所有玩家角色中毒 2 层。
4041106	スラッシュ！	（敌人专属）对一名玩家角色造成攻击 60% 伤害。赋予中毒 1 层。
4041107	スラッシュ！	（敌人专属）对一名玩家角色造成攻击 80% 伤害。
4041108	ド紧张	（敌人专属）自己什么行动都执行不了。
4041109	大暴れ	（敌人专属）对一名玩家角色造成攻击 90% 伤害。自己额外再行动 1 次。
4041112	スラッシュ！	（敌人专属）对一名玩家角色造成攻击 60% 伤害。50% 机率赋予玩家角色攻击力下降 1 层。
4041113	クリティカルヒット	（敌人专属）对一名玩家角色造成攻击 90% 伤害。80% 机率赋予玩家角色防御力下降 1 层。
4041114	集中攻撃	（敌人专属）对一名玩家角色造成攻击 80% 伤害，该名玩家角色若有减益效果，CPU 方随机一名角色将进行追击。
4041115	日焼けスラッシュ	（敌人专属）对一名玩家角色造成攻击 70% 伤害。50% 机率赋予玩家角色烧伤 1 层。
4041116	スラッシュ！	（敌人专属）对一名玩家角色造成攻击 60% 伤害。50% 机率赋予玩家角色攻击力下降 1 层。
4041117	転倒	（敌人专属）对自己造成攻击 30% 伤害。
4041118	スラッシュ！	（敌人专属）对一名玩家角色造成攻击 60% 伤害。
4041119	スラッシュ！	敌単体に45%ダメージ。Viewを5000获得。（敌専用）
4041120	打ち壊し	敌単体に90%ダメージ。2回分のDEFダウンを付与。（敌専用）
4041121	クリティカルヒット	敌全体に90%ダメージ。自身に2回の行动の间ATKアップを付与。（敌専用）
4042101	スラッシュ	（敌人专属）对一名玩家角色造成攻击 80% 伤害，且随对手的减益效果数量增加伤害。
4042103	スラッシュ	（敌人专属）对一名玩家角色造成攻击 60% 伤害。赋予中毒 2 层。
4043101	激情のスラッシュ+	（敌人专属）对所有玩家角色造成攻击 180% 伤害。
4043102	跃り出る	（敌人专属）获得 6000 View。
4043103	荘厳なスラッシュ	（敌人专属）对一名玩家角色造成 120% 攻击伤害。获得 12000 View。
4043104	激情のスラッシュ	（敌人专属）对所有玩家角色造成攻击 140% 伤害。
4043106	错乱攻撃	（敌人专属）随机恢复 CPU 方一名角色自己基础攻击 45% 的血量两次。
4046101	爪	（敌人专属）对一名玩家角色造成攻击 70% 伤害。赋予玩家角色速度下降 1 层。
4046102	オールレンジビーム	（敌人专属）对所有玩家角色造成攻击 90% 伤害。
4046103	View喰らい	（敌人专属）恢复自己基础攻击 70% 的血量。赋予自己防御力上升 2 层。消除两个减益效果。
4046104	オールレンジビーム	（敌人专属）对所有玩家角色造成攻击 140% 伤害。60% 赋予烧伤 2 层。
4046105	固い爪	（敌人专属）对一名玩家角色造成攻击 90% 伤害。赋予自己防御力上升 3 层。
4046106	View捕食	（敌人专属）恢复自己基础攻击 100% 的血量。赋予速度上升 1 层。
4046107	View捕食+	（敌人专属）恢复自己基础攻击 100% 的血量。消除全部减益效果。赋予速度上升 1 层。
4046110	爪	（敌人专属）对一名玩家角色攻击 70% 伤害。
4046112	オールレンジビーム	（敌人专属）对所有玩家角色造成攻击 70% 伤害。
4046114	爪	（敌人专属）对一名玩家角色攻击 50% 伤害。
4046115	攻めの雄たけび	（敌人专属）对一名玩家角色攻击 50% 伤害。赋予所有 CPU 方角色攻击力上升 1 层。
4046116	オールレンジビーム	（敌人专属）对所有玩家角色造成攻击 100% 伤害。
4046118	守りの雄たけび	（敌人专属）对一名玩家角色攻击 50% 伤害。赋予所有 CPU 方角色攻击力上升 1 层。赋予自己嘲讽 2 层。
4046119	强化爪	（敌人专属）对一名玩家角色攻击 100% 伤害。
4046124	オールレンジビーム	（敌人专属）对所有玩家角色造成攻击 70% 伤害。
4046125	爪	（敌人专属）对一名玩家角色造成攻击 80% 伤害。
4046126	オールレンジビーム	（敌人专属）对所有玩家角色造成攻击 60% 伤害，且生命值若越高，伤害量则增加。
4046128	View捕食	（敌人专属）赋予自己攻击力上升 2 层、速度上升 2 层。解除所有减益效果。
4046129	オールレンジビーム	（敌人专属）对一名玩家角色攻击 90% 伤害。60% 机率赋予烧伤 1 层。
4046130	爪	（敌人专属）对一名玩家角色攻击 90% 伤害。
4046131	毒の双爪	（敌人专属）随机对所有玩家角色造成攻击 65% 伤害两次。赋予中毒 3 层。
4046132	沈黙する爪	（敌人专属）对一名玩家角色攻击 80% 伤害。赋予攻击力下降 3 层。爆衣状态下再额行动一次。
4046133	共鸣する声	（敌人专属）对所有玩家角色造成攻击 120% 伤害，并在所有玩家角色间随机赋予攻击力下降 3 层、防御力下降 3 层、沉默 2 层、速度下降 3 层。
4052101	叩き付け	（敌人专属）对一名玩家角色攻击 80% 伤害。获得 3000 View。赋予防御力上升 1 层。
4052102	横薙ぎ	（敌人专属）对所有玩家角色造成攻击 100% 伤害。赋予防御力下降 1 层。
4052103	エネルギー射出	（敌人专属）对所有玩家角色造成攻击 120% 伤害。赋予防御力下降 1 层。
4052104	エネルギー射出+	（敌人专属）对所有玩家角色造成攻击 180% 伤害，且随 View 值增加伤害。
4052105	叩き付け+	（敌人专属）对一名玩家角色造成攻击 60% 伤害。获得 5000 View。恢复自己基础攻击 50% 的血量。
4052106	エネルギー射出	（敌人专属）对所有玩家角色造成攻击 100% 伤害。赋予困惑 2 层。
4052107	叩き付け	（敌人专属）对一名玩家角色攻击 80% 伤害。赋予攻击力下降 3 层。爆衣状态下再额行动一次。
4052108	薙ぎ払い	（敌人专属）对所有玩家角色造成攻击 80% 伤害。赋予中毒 3 层。爆衣状态下再额外增加中毒 3 层。
4053101	新・エネルギーシールド	（敌人专属）赋予自己隐蔽 2 层。赋予CPU方一名角色防御力上升 1 层。获得 12000 View。
4053102	ガードアタック	（敌人专属）对一名玩家角色造成攻击 40% 伤害。赋予自己防御力上升 1 层。
4053103	集约型・エネルギーシールド	（敌人专属）赋予自己伤害集中 2 层。获得 6000 View。
4054101	発砲	（敌人专属）对一名玩家角色攻击 70% 伤害。
4054102	リロード	（敌人专属）赋予自己攻击力上升 2 层。
4054103	スモークグレネード	（敌人专属）赋予自己隐蔽 2 层。
4054104	発砲	（敌人专属）对一名玩家角色造成攻击 60% 伤害。60% 机率赋予防御力下降 1 层。
4054105	狙撃	（敌人专属）对一名玩家角色攻击 130% 伤害。
4054106	乱射	（敌人专属）对所有玩家角色造成攻击 60% 伤害。80% 赋予防御力下降 1 层。
4054107	阳动	（敌人专属）对一名玩家角色攻击 25% 伤害。赋予自己嘲讽 2 层。
4054108	闪光弾	（敌人专属）对一名玩家角色造成攻击 70% 伤害。获得 3000 View。
4054109	射撃支援	（敌人专属）赋予一名CPU方角色攻击力上升 1 层。赋予自己攻击力上升 1 层。
4054110	暴発	（敌人专属）对一名玩家角色造成攻击 50% 伤害。对CPU方所有角色造成攻击 100% 伤害。
4054111	曲芸射撃	（敌人专属）对一名玩家角色造成攻击 110% 伤害。获得 10000 View。
4054112	乱射	（敌人专属）对所有玩家角色造成攻击 120% 伤害。
4054113	狙撃	（敌人专属）对一名玩家角色攻击 140% 伤害。
4054115	狙撃	（敌人专属）对一名玩家角色攻击 120% 伤害。
4054116	スモークグレネード	（敌人专属）对所有玩家角色造成攻击 75% 伤害。
4054118	暴発	（敌人专属）对一名玩家角色攻击 50% 伤害。对所有 CPU 方角色造成 100% 伤害。
4054119	曲芸射撃	敌単体に150%ダメージ+HPが减るほどダメージ量が上升する。Viewを10000获得。（敌専用）
4054120	発砲	敌全体に40%ダメージ。（敌専用）
4059101	タイユール・ア・グリフェス	（敌人专属）对所有玩家角色造成攻击 100% 伤害。赋予 CPU 方所有角色速度上升 1 层。
4059102	フィル・ダレニェ	（敌人专属）对一名玩家角色攻击 90% 伤害。赋予速度下降 1 层。
4060101	うねる触手	（敌人专属）对一名玩家角色造成攻击 80% 伤害。70% 机率赋予防御力下降 1 层。自身若有触手，则解除 1 只触手，并再行动 1 次。
4060102	テンタクル・バインド	（敌人专属）对所有玩家角色造成攻击 120% 伤害，且随自己身上的增益效果数量增加伤害。
4060103	テンタクル・ブロウ	（敌人专属）对所有玩家角色造成攻击 50% 伤害。
4060104	テンタクル・バインド+	（敌人专属）对所有玩家角色造成攻击 120% 伤害，且随自身增益数量增加伤害。
4060105	テンタクル・ブロウ	（敌人专属）对所有玩家角色造成攻击 60% 伤害。若自己处于爆衣状态且有触手时，则会赋予所有玩家角色超级速度下降 1 层。
4060106	うねる触手	（敌人专属）对一名玩家角色造成攻击 80% 伤害。70% 机率赋予防御力下降 1 层。自身若有触手，则解除 1 只触手，并再行动 1 次。
4061101	シーニングスヴァルド	（敌人专属）对一名玩家角色攻击 60% 伤害。
4061102	アクセレルスラッシュ	（敌人专属）对一名玩家角色造成攻击 120% 伤害，且随自己与对向的速度差增加伤害。
4061105	アクセレルスラッシュ+	（敌人专属）对一名玩家角色造成攻击 120% 伤害，且随自己与对向的速度差增加伤害。解除所有 CPU 方角色 2 个减益效果、所有玩家角色 2 个增益效果。
4062101	スクルォストレ	（敌人专属）对一名玩家角色攻击 60% 伤害。获得 3000 View。
4062102	王の威厳	（敌人专属）获得 10000 View。把罗地里克斯复活。
4062103	ヘリッグ・フランメライ	（敌人专属）对所有玩家角色造成攻击 130% 伤害。赋予自己攻击力上升 1 层。
4065101	ブーザ・ファントム	（敌人专属）对一名玩家角色造成攻击 80% 伤害。赋予自己超级速度上升 2 层。
4065102	ツァイトシュプルンク	（敌人专属）赋予所有玩家角色行动停止 1 次。赋予速度下降 1 层。获得 20000 View。
4065103	フェアギス・マインニヒト	（敌人专属）对所有玩家角色造成攻击 120% 伤害，且随自己与对手速度差增加伤害。解除所有增益效果。赋予三个中毒 2 层效果。
4065104	ブーザ・ファントム	（敌人专属）对一名玩家角色攻击 80% 伤害，且随自己与对方的速度差增加伤害。解除一个减益效果。爆衣状态下再多解除一个。
4065105	ツァイトシュプルンク	（敌人专属）对一名玩家角色造成攻击 100% 伤害。赋予自己超级速度上升 2 层。
4065106	フェアギス・マインニヒト	（敌人专属）对所有玩家角色造成攻击 110% 伤害，且随对方与自己的速度差增加伤害。解除自己身上的 clock-up。
4065107	ブーザ・ファントム	（敌人专属）对一名玩家角色造成攻击 45% 伤害。60% 机率赋予中毒 2 层。自己未受伤且敌人尚存时，以第一招进行追击（一回合仅限一次）。
4066101	オープン・ファイア	（敌人专属）对一名玩家角色造成攻击 70% 伤害。60% 机率赋予自己防御力上升 1 层。
4066102	スラグショット	（敌人专属）对一名玩家角色造成攻击 120% 伤害，消除一个增益效果。
4066103	ボリー・ファイア	（敌人专属）对所有玩家角色造成攻击 80% 伤害，自己身上若有防御力上升的话则增加伤害。
4066104	バックアップ	（敌人专属）赋予一名 CPU 方角色攻击力上升 1 层。获得 5000 View。
4066105	违法配信	（敌人专属）获得 5000 View。
4066106	防御支援	（敌人专属）赋予 BOSS 无敌 1 层。获得 6000 View。
4066107	攻撃支援	（敌人专属）赋予 BOSS 攻击力上升 2 层。获得 10000 View。
4066108	増援要请	（敌人专属）以 100% 血量复活所有CPU方角色。赋予自己防御力上升 1 层。获得 4000 View。
4066109	ボリー・ファイア+	（敌人专属）对所有玩家角色造成攻击 120% 伤害。
4066110	フラッシュ・バレット	（敌人专属）对所有玩家角色造成攻击 20% 伤害。获得 5000 View。
4066111	バースト	（敌人专属）对所有 CPU 方角色造成 50% 伤害。
4066112	攻撃支援+	（敌人专属）对所有玩家角色造成攻击 20% 伤害。赋予 BOSS 两个攻击力上升 1 层。获得 5000 View。
4066113	防御支援+	（敌人专属）赋予 BOSS 无敌 2 层。获得 10000 View。
4066114	バックアップ+	（敌人专属）赋予 CPU 方角色防御上升 1 层。获得 7000 View。
4066117	制圧射撃	（敌人专属）对一名玩家角色攻击 80% 伤害，若自己身上有增益效果，则攻击的玩家角色跳过该回合行动。
4066118	补给物资	（敌人专属）解除 CPU 方角色减益效果 1 层。
4066119	防御支援	（敌人专属）赋予 CPU 方角色防御上升 1 层。
4066120	ファイア・シュート	（敌人专属）对一名玩家角色造成攻击 70% 伤害。获得 1000 View。
4066121	ヒューエル・チャージ	（敌人专属）赋予自己攻击力上升 2 层。
4066122	フレイム・フープ	（敌人专属）对一名玩家角色造成攻击 120% 伤害。赋予自己防御力上升 1 层。
4066123	ファイア・シュート	（敌人专属）对一名玩家角色造成攻击 70% 伤害。对自己成攻击 70% 伤害。
4066124	拍手喝采	（敌人专属）赋予所有 CPU 方角色攻击力上升 1 层。获得 8000 View。
4066125	ファイア・バルカン	（敌人专属）对所有玩家角色造成攻击 90% 伤害。
4066126	紧急避难	（敌人专属）赋予所有CPU方角色防御力上升 1 层。获得 8000 View。
4066127	フレイム・フープ	（敌人专属）对一名玩家角色造成攻击 160% 伤害。
4066301	応急処置	（敌人专属）恢复 CPU 方血量最低的角色基础攻击 200% 的血量。随机解除 CPU 方身上的减益效果 1 层。
4066302	オール・ヒール	（敌人专属）恢复所有 CPU 方角色基础攻击 200% 的血量。
4066303	ファイア・シュート	（敌人专属）对一名玩家角色造成攻击 90% 伤害。赋予 2 层弱体抵抗+100。
4066401	ウィーク・ショット	（敌人专属）对一名玩家角色造成克制属性攻击 70% 伤害。受到伤害时有 30% 机率以此技能进行反击。
4066404	フレイム・フープ	（敌人专属）对一名玩家角色造成攻击 150% 伤害。
4066405	拍手喝采	（敌人专属）赋予 CPU 方全体攻击力上升 1 层。获得 12000 View。
4066406	ファイア・シュート	（敌人专属）对一名玩家角色造成攻击 70% 伤害。
4066501	ファイア・バルカン	（敌人专属）对所有玩家角色造成攻击 80% 伤害。
4074101	噛み付き	（敌人专属）对一名玩家角色造成攻击 70% 伤害。赋予速度下降 1 层。
4074102	イマジナリダイブ	（敌人专属）对一名玩家角色造成攻击 70% 伤害，且随自己与对手速度差增加伤害。赋予攻击力下降 1 层。
4074103	オーシャニックノイズ	（敌人专属）对所有玩家角色造成攻击 80% 伤害。赋予防御力上升 1 层。
4074104	カウンター・ノイズ	（敌人专属）对所有玩家角色造成攻击 40% 伤害。50% 机率赋予攻击力下降 1 层。
4074105	噛み付き	（敌人专属）对一名玩家角色造成攻击 70% 伤害。60% 机率赋予防御力下降 1 层。
4074106	イマジナリダイブ	（敌人专属）对一名玩家角色造成攻击 150% 伤害。80% 机率赋予攻击力下降 1 层。
4074107	オーシャニックノイズ	（敌人专属）对所有玩家角色造成攻击 100% 伤害。赋予防御力下降 1 层。
4074108	激流ダイブ	（敌人专属）对一名玩家角色造成攻击 70% 伤害。赋予速度下降 1 层。
4076101	ストレートパンチ	（敌人专属）对一名玩家角色造成攻击 70% 伤害。30% 机率赋予自己攻击力上升 1 层。
4076102	アッパーカット	（敌人专属）对一名玩家角色造成攻击 100% 伤害。80% 机率赋予速度下降 1 层。
4076103	ストレートパンチ	（敌人专属）对一名玩家角色造成攻击 80% 伤害。获得 1000 View。
4076104	高速连打	（敌人专属）对所有玩家角色造成攻击 90% 伤害。
4076105	必杀攻撃	（敌人专属）对所有玩家角色造成攻击 120% 伤害，且随 View 值增加伤害。
4076106	必杀攻撃	（敌人专属）对所有玩家角色造成攻击 90% 伤害，且随 View 值增加伤害。
4076107	アッパーカット	（敌人专属）对一名玩家角色攻击 120% 伤害，且随 View 值增加伤害。
4076108	必殺攻撃	敵全体に90%ダメージ。（敵専用）
4076109	必殺攻撃	敵全体に90%ダメージ（ピンチ状態の時、敵全体に110%ダメージに変化）。（敵専用）
4077102	作戦指示	（敌人专属）赋予 CPU 方全体攻击力上升 1 层。
4077103	牽制の一発	敵単体に60%ダメージ。自身に1回分のDEFアップを付与。（敵専用）
4077104	崩しの一撃	敵単体に110%ダメージ。1回分のDEFダウンを付与。（敵専用）
4079101	アピールパンチ	敵単体に60%ダメージ。Viewを3000獲得。（敵専用）
4079102	決めポーズ	Viewを7000獲得。ATKが最も高い味方単体に2回の行動の間SPDアップを付与。（敵専用）
4079103	エース救援	味方全体に1回の行動の間ATKアップを付与。ATKが最も高い味方単体のデバフを１つ解除＋HPを自身の基礎ATKの100%回復する。（敵専用）
4080101	决めポーズ	（敌人专属）获得 10000 View。
4080102	决めポーズ	（敌人专属）回合开始时，获得 10000 View。
4081101	戦略武术	对一个敌人造成攻击 70% 伤害。受到伤害时，有 25% 机率以此技能反击。
4081103	破邪光煌拳	对一个敌人造成攻击 120% 伤害，且血量越低伤害越高。赋予我方全体防御力上升 1 层。
4082101	シークト・カントゥス	（敌人专属）对一名玩家角色造成攻击 90% 伤害。随机赋予CPU方一名角色 View 值消耗 -3000。
4082102	ステラリス・エレジア	（敌人专属）对所有玩家角色造成攻击 80% 伤害。获得 10000 View。
4082103	グランディオロクア	（敌人专属）对所有玩家角色造成当前 View 值 25％ 的固定伤害。
4083101	触手のムチ	（敌人专属）对一名玩家角色造成攻击 70% 伤害。赋予防御力下降 2 层。
4083102	不気味な接触	（敌人专属）对所有玩家角色造成攻击 50% 伤害。恢复自身攻击力 20% 生命。赋予攻击力上升 1 层。
4088101	触手のムチ	（敌人专属）对一名玩家角色造成攻击 70% 伤害。赋予防御力下降 2 层。
4088102	かぶりつき	（敌人专属）对一名玩家角色造成攻击 100% 伤害。赋予攻击力下降 1 层。
4091102	コスモパワー	（敌人专属）对一名玩家角色造成攻击 90% 伤害。解除自身两个减益效果。
4091103	流星群	随机对敌方全体角色造成攻击 110% 伤害三次。
4091104	石つぶて	（敌人专属）对所有玩家角色造成攻击 30% 伤害。
4094101	砲撃准备	自己什么行动都执行不了。
4095101	薙ぎ払い	（敌人专属）对一名玩家角色造成攻击 60% 伤害。
4095102	重力波	（敌人专属）对所有玩家角色造成攻击 80% 伤害。赋予攻击力上升 1 层。
4100101	ポトルサルシャ・ポルカ	（敌人专属）对一名玩家角色造成攻击 90% 伤害。
4100102	ジリンニ・リョフ	（敌人专属）赋予一名玩家角色防御力下降 3 层。获得 5000 View。
4100103	リュビムィエ・クローウン	（敌人专属）解除所有玩家角色增益效果 1 层。获得 6000 View。
4100104	リュビムィエ・クローウン	解除所有玩家角色增益效果 1 层。获得 9000 View。
4100105	リュビムィエ・クローウン	（敌人专属）解除所有玩家角色增益效果 1 层。获得 6000 View。若于第四回合以后发动此技能，则阵亡的 CPU 方角色会以 50% 血量复活。
4101101	ウンシュターブリッヒ	敵単体に60%ダメージ（ピンチ状態の時、敵全体に65%ダメージに変化）。Viewを6000獲得。（敵専用）
4101102	フェーネ・エイネルング	敵単体に100%ダメージ。1回分のDEFダウンを付与。ATKが最も高い味方単体に2ターンの間隠蔽を付与。（敵専用）
4101103	ニーマルス・フェアゲセン	敵全体に90%ダメージ+HPが減るほどダメージ量が上昇する。（敵専用）
4103101	体当たり	（敌人专属）对一名玩家角色造成攻击 60% 伤害。赋予自己潜行 2 层。
4103102	ゴーストタッチ	（敌人专属）对一名玩家角色造成攻击 90% 伤害。赋予防御力下降 1 层。
4106101	体当たり	（敌人专属）对一名玩家角色造成攻击 80% 伤害。
4106102	力を溜める	（敌人专属）赋予自己攻击力上升 1 层、防御力上升 2 层。
4106103	鬼火	（敌人专属）对所有玩家角色造成攻击 80% 伤害。
6000001	ダメージ制限20000	来自玩家的伤害最高为 20000。
6000002	挑発付与	该角色登场时，赋予自己嘲讽 3 层。
6000003	ダメージ制限10000	来自玩家的伤害最高为 10000。
6000006	妨害除去	该名角色开始行动时，解除 1 个减益效果。
6000008	触手の海	回合开始时，获得 3 只触手。
6000009	ダメージ制限15000	该角色登场那个回合受到伤害上限为 15000。
6000010	不屈の心	被赋予减益效果时，赋予自己攻击力上升 2 层。
6000011	不屈の心+	被赋予减益效果时，赋予自己攻击力上升 2 层。当回合技能所需 View 值减少 3000。
6000012	幻惑	登场时，赋予自己无敌 1 层、隐蔽 1 层。
6000013	ダメージ制限50000	来自对手的伤害上限值为 50000。
6000014	生存本能	获得减益效果时，赋予自身「弱体抵抗100」 2 层。
6000015	混乱回复	受到伤害时，恢复伤害源基础攻击 100% 的生命值。
6000016	やられ映え	受到伤害时，获得 7000 View。50% 机率解除自身减益效果 1 个。
6000017	ド派手な登场	登场时，获得 100,000 View。
6000018	光合成	回合开始时，恢复基础攻击 500% 的生命值。
6000020	下っ端サポート	行动结束时，对自己或友军赋予弱化抵抗 3 层。
6000021	リーダー支援	（敌人专属）以我方为施放对象的技能改为对 BOSS 施放。
6000022	弱者狙い	（敌人专属）以敌方为施放对象的技能改为对血量最低的玩家角色施放。
6000023	毒・火伤无効	中毒、烧伤无效。
6000024	ダメージ制限25000	来自对手的伤害上限值为 25000。
6000027	登场の决めポーズ	登场时，获得 5000 View。
6000028	ダメージ制限25000	来自对手的伤害上限值为 25000。
6000029	ダメージ制限25000	来自对手的伤害上限值为 25000。
6000030	训练开始！	登场时，获得 10000 View。
6000031	チーム支援	以我方为对象的技能将以攻击力最高者施放。
6000032	やられ映え	受到伤害时获得 7000 View。
6000033	やられ映え+	受到伤害时获得 7000 View。50%机率解除 1 个减益效果。
6000036	救命キット	无法战斗时，敌方全体解除 1 个减益效果。
6000037	ボス支援	（敌人专属）以CPU为目标的技能全部转移到Boss身上。
6000039		抵抗 63 号减益效果。
6000040		抵抗 65 号减益效果。
6000041	会场のボルテージ	回合开始时，赋予自己「受到伤害上限为 3000」。若 View 值大于 30000 时，则获得「受到伤害上限为 5000」。
6000042	会场のボルテージ+	回合开始时，赋予自己「受到伤害上限为 5000」。若 View 值大于 30000 时，则获得「受到伤害上限为 10000」。
6000043	会场のボルテージ++	回合开始时，赋予自己「受到伤害上限为 10000」。若 View 值大于 30000 时，则获得「受到伤害上限为 20000」。
6000044	毒・火伤无効	不会中毒、烧伤。
6000045	リーダー支援	（敌人专属）以CPU为目标的技能全部转移到Boss身上。
6000046	毒・火伤抵抗50	减少 50％ 机会中毒、烧伤。
6000047	デバフ抵抗	减少 50％ 机会中毒、烧伤。不会沉默。
6001101	抵抗性（强）	获得「身上的减益效果数量乘以 50％ 」的弱体抵抗。
6004101	新しい接続	回合开始时，恢复基础攻击 100% 的生命值。获得 6000 View。
6004201	酩酊	（敌人专属）受到伤害时，解除 Boss 攻击力上升 1 层。
6004202	干杯の挨拶	（敌人专属）回合开始时，获得 4000 View。
6008201	华丽なステップ	受到伤害时，获得 3000 View。
6010201	隠密行动	登场时，赋予潜行 1 层。
6011101	的确な判断	以敌方为施放对象的技能改为对攻击力最高的角色施放。
6014201	猛発掘	登场时，赋予自己「铁壁」3层、View 值消耗 -8000 。
6017101	水中戦法	回合开始时，攻击增加 4% 。
6023101	兴奋疲れ	ターン开始时、ViewPowerが20000以上ある场合、自身に1回分の兴奋疲れを付与。
6027101	书き损じ	（敌人专属）受到伤害时，解除玩家全体角色攻击力下降 1 层。
6030102	抵抗性	衰弱抵抗，其数值为减益效果数量的 25%。
6030103		赋予队伍全体 57 号系统效果。
6030104	ウォータースーツ	此英雄被视为水属性。
6030105		爆衣时，赋予我方全体 57 号系统效果。
6030106	踏ん张り	爆衣时，赋予自己防御力上升 2 层。
6030107		解除队伍全体 57 号系统效果。
6032101	强制再生	回合开始时，恢复基础攻击 10% 的生命值。
6032102		
6032103	连系解除	葛梅莎型体的怪物死亡时，解除自身所有增益效果。
6032104	応急処置	不会中毒、烧伤。回合开始、爆衣时，消除我方全体减益效果 1 层。
6032105	パス接続	回合开始、爆衣时，赋予一名友军攻击力上升 2 层。
6033101	守るんデス！	普罗基在爆衣状态下，自身技能所需的 View 值减半。
6033102	エネルギー补充	
6036101	防御壁	行动结束时，赋予我方一名角色防御力上升 2 层。
6042102	浸透	行动结束时，减少我方所有减益效果 1 层。
6042103	応急処置	行动结束时，延长敌方所有减益效果 1 层。
6042104	マーキング	Boss在爆衣状态下，回合结束时对随机玩家角色赋予困惑 1 层。
6042105	オブザーバー妨害	Boss在爆衣状态下，回合结束时对一名玩家角色赋予「目标」2 层。
6043101	レクイエム	无法战斗时，赋予我方一名角色协奏 3 层。
6046101	守られるコア	敌方回合开始时，赋予自身以下效果：（如果自己身上有增益效果）受到伤害上限为 10000；（如果自己身上没有增益效果）受到伤害上限为 40000，受到伤害变为两倍。
6046102	迷宫の主	回合开始时，自身若没有增益效果，赋予自己防御力上升 1 层、防御力上升 2 层、防御力上升 3 层。
6046104	増援	爆衣时，召唤两个迷宫魔兽（幼兽）。
6051101	汤治の力	（敌人专属）回合开始时、爆衣状态下，赋予自己防御力上升 1 层。
6051102	火照った体	（敌人专属）此英雄视为火属性。
6052101	停电	行动开始时，自身如果是爆衣及有减益效果时，赋予自己「马赛克」1 层。
6052102	サイレント・ナイト	爆衣时，赋予敌方全体沉默 2 层。
6053101	紧急防御	受到伤害时，有 50％ 机率赋予自己防御力上升 1 层。
6060101	ほどける触手	受到伤害时，减少 1 只触手。
6060102	触手の海	回合开始时，赋予自己 3 只触手，若爆衣状态则只赋予 1 只。
6061101	防具破壊	爆衣状态时，赋予我方全体防御力上升 1 层。
6061102	骑士の意地	受到伤害时获得 3000 View。
6061103	骑士の意地	受到伤害时获得 3000 View。
6061104	防具破壊+	爆衣状态时，赋予自己觉醒 1 层。赋予我方全体防御力上升 1 层。
6061105	回线断绝	爆衣状态时，赋予自己困惑 2 层。
6065101	高速移动	回合结束时，自己若是减益效果只有 1 个时，赋予自己 clock-up。
6065102	幻影	爆衣时、无法战斗时，我方全体以血量 70% 复活。赋予我方全体无敌 1 层。
6066401	ウィーク・ショット	对自己造成技能 130% 伤害。
6066402	援护不可	此英雄阵亡时，我方技能使用技能所需的 View 值增加 50%。
6070001	リーダー支援	（敌人专属）以我方为施放对象的技能改为对 BOSS 施放。
6070002	佣兵の绊	受到伤害时，BOSS 血量将会恢复基础攻击 30%，且赋予两回合行动所需 View 值减少 2000，并解除攻击力上升 1 层。
6070003	ファーストエイドキット	（敌人专属）行动结束时，解除所有中毒、烧伤。
6070004	リーダーの证	（敌人专属）友军的支援将优先支援使用本技能的角色。
6070005	リーダー支援+	受到伤害时，获得 3000 View。
6072101	コグニション・ジャミング	登场时，赋予自己「马赛克」（无法解除）。
6074101	潜水	回合开始时，赋予自己潜行 1 层。受到伤害时，解除自己潜行。行动开始时，若自己被赋予潜行，则赋予自己攻击力上升 1 层。
6074102	反撃	本回合若该英雄已经行动完毕，受到伤害的话，有 50% 机率以第一招进行反击。
6074103	潜水	行动开始时，若自己被赋予潜行，则赋予自己攻击力上升 1 层。
6074104	血に饥える	被打到爆衣时，我方全体攻击力上升 30%。
6074105	加速	回合开始时、爆衣状态下，赋予自己速度上升 1 层。
6074106		回合结束时，解除编号57号系统效果。
6074107	潜水解除	受到伤害时，解除所有潜行。
6077101	気配消し	自身がダメージを受けていない間、自身に「隠蔽」と同様の効果を発動。
6081101	増员要请	回合结束时，我方全体以 100% 血量复活。
6082101	ソリスト招集	回合结束时，本回合第一个使用 View 的角色会获得觉醒 1 层。
6082102		自己处于「自动行动」模式时，技能会优先施放于本回合第一个使用 View 的角色身上。
6082103	招待状	战斗开始时，获得 30000 View。
6082104	ソリスト招集+	回合结束时，本回合第一个使用 View 的角色会获得觉醒 2 层。
6088101	再生	被击败时，以 70%血量复活，复活当回合无法行动。
6088102	生への执着	（复活后每回合）回合开始时，赋予自己攻击力上升 1 层、防御力上升 2 层。
6094101	行动指示不可	行动转变为自动行动。
6100101	オン・ステージ	基础 View 值最高（原文叙述没写完）
6100102	ファイアスーツ	此英雄视为火属性。
6102101		登场时、システム効果57番付与。
6103102	分裂	死亡时、HP50%で3体に分裂する。バトル中1回まで発动。
6106101	幽体	ダメージ时、敌とのSpd差に応じて「軽减」が発动。「軽减」が発动した场合、ダメージを30%减少する。
7000001	セカンド・アタック	开启「自动行动」模式时，以第二招技能优先施放。
7000002	サード・アタック	开启「自动行动」模式时，以第三招技能优先施放。
7000003	人命优先	自己处于「自动行动」模式时、以我方为施放对象的技能会优先施放于血量最低的角色身上。
7000004	行动集中	自己处于「自动行动」模式时、以我方为施放对象的技能会优先施放于血量最高的角色身上。
7000005	各个撃破	自己处于「自动行动」模式时、以敌方为施放对象的技能会优先施放于血量最低的敌人身上。
7000006	大物狙い	自己处于「自动行动」模式时、以敌方为施放对象的技能会优先施放于血量最高的敌人身上。
7000007	强敌狙い	（敌人专属）以敌人为对象的技能攻击目标是敌人当中攻击力最高的角色。
8001102	バブル・ボール	受到伤害时，以第一招进行反击。
8008201		赋予自己嘲讽 3 层。受到伤害时，会依自己与敌方的速度差减轻伤害 30％。若自身有嘲讽状态，则伤害减轻的发动机率为两倍。
8009201		回合开始时，消除被赋予的 60 号系统效果。
8009202		死亡、回合开始时，消除被赋予的 60 号系统效果。
8009203		获得 View 值的技能获得量增加 25%，且我方全体攻击力随 ViewPower 上升。
8019201	LOVE ME☆ヒット・ミー！	登场时，赋予 ×3。
8023201		发动者存活时，若自己存活的情况下，赋予具有增益效果英雄攻击力上升 10% (至多 50%），此效果无法叠加。
8065101	ツァイトシュイプルンク	自己没受伤害时，赋予自己如同「潜行」的效果。
8065102		
8075101		英雄兴孝的被动一号
8075102		英雄兴孝的被动二号
8081101	戦略武术	受到伤害之后，以第一招进行反击。
8100101	サーカス団长の手腕	自己处于「自动行动」模式时，以我方为施放对象的技能会优先施放于血量最低的角色身上。
8101101		随 combo 数增幅伤害（最大 10 combo 增加20%）。
8101102		若英雄使用了会增加 combo 的技能，则 combo 会额外 +1。
8101103		消除系统效果。